This is pdfTeX, Version 3.141592653-2.6-1.40.28 (MiKTeX 25.12) (preloaded format=pdflatex 2026.9.11)  11 SEP 2026 16:36
entering extended mode
 restricted \write18 enabled.
 %&-line parsing enabled.
**"./main_untuk Admin.tex"
(main_untuk Admin.tex
LaTeX2e <2025-11-01>
L3 programming layer <2025-12-24>
(C:\Users\TJI\AppData\Local\Programs\MiKTeX\tex/latex/beamer\beamer.cls
Document Class: beamer 2026/08/20 v3.78 A class for typesetting presentations

(C:\Users\TJI\AppData\Local\Programs\MiKTeX\tex/latex/beamer\beamerbasemodes.st
y (C:\Users\TJI\AppData\Local\Programs\MiKTeX\tex/latex/etoolbox\etoolbox.sty
Package: etoolbox 2025/10/02 v2.5m e-TeX tools for LaTeX (JAW)
\etb@tempcnta=\count275
)
\beamer@tempbox=\box53
\beamer@tempcount=\count276
\c@beamerpauses=\count277

(C:\Users\TJI\AppData\Local\Programs\MiKTeX\tex/latex/beamer\beamerbasedecode.s
ty
\beamer@slideinframe=\count278
\beamer@minimum=\count279
\beamer@decode@box=\box54
)
\beamer@commentbox=\box55
\beamer@modecount=\count280
) (C:\Users\TJI\AppData\Local\Programs\MiKTeX\tex/generic/iftex\iftex.sty
Package: iftex 2024/12/12 v1.0g TeX engine tests
)
\headdp=\dimen148
\footheight=\dimen149
\sidebarheight=\dimen150
\beamer@tempdim=\dimen151
\beamer@finalheight=\dimen152
\beamer@animht=\dimen153
\beamer@animdp=\dimen154
\beamer@animwd=\dimen155
\beamer@leftmargin=\dimen156
\beamer@rightmargin=\dimen157
\beamer@leftsidebar=\dimen158
\beamer@rightsidebar=\dimen159
\beamer@boxsize=\dimen160
\beamer@vboxoffset=\dimen161
\beamer@descdefault=\dimen162
\beamer@descriptionwidth=\dimen163
\beamer@lastskip=\skip49
\beamer@areabox=\box56
\beamer@animcurrent=\box57
\beamer@animshowbox=\box58
\beamer@sectionbox=\box59
\beamer@logobox=\box60
\beamer@linebox=\box61
\beamer@sectioncount=\count281
\beamer@subsubsectionmax=\count282
\beamer@subsectionmax=\count283
\beamer@sectionmax=\count284
\beamer@totalheads=\count285
\beamer@headcounter=\count286
\beamer@partstartpage=\count287
\beamer@sectionstartpage=\count288
\beamer@subsectionstartpage=\count289
\beamer@animationtempa=\count290
\beamer@animationtempb=\count291
\beamer@xpos=\count292
\beamer@ypos=\count293
\beamer@ypos@offset=\count294
\beamer@showpartnumber=\count295
\beamer@currentsubsection=\count296
\beamer@coveringdepth=\count297
\beamer@sectionadjust=\count298
\beamer@toclastsection=\count299
\beamer@tocsectionnumber=\count300

(C:\Users\TJI\AppData\Local\Programs\MiKTeX\tex/latex/beamer\beamerbaseoptions.
sty (C:\Users\TJI\AppData\Local\Programs\MiKTeX\tex/latex/graphics\keyval.sty
Package: keyval 2022/05/29 v1.15 key=value parser (DPC)
\KV@toks@=\toks17
))
\beamer@paperwidth=\skip50
\beamer@paperheight=\skip51
(C:\Users\TJI\AppData\Local\Programs\MiKTeX\tex/latex/geometry\geometry.sty
Package: geometry 2026/03/07 v6.0 Page Geometry

(C:\Users\TJI\AppData\Local\Programs\MiKTeX\tex/generic/iftex\ifvtex.sty
Package: ifvtex 2019/10/25 v1.7 ifvtex legacy package. Use iftex instead.
)
\Gm@cnth=\count301
\Gm@cntv=\count302
\c@Gm@tempcnt=\count303
\Gm@bindingoffset=\dimen164
\Gm@wd@mp=\dimen165
\Gm@odd@mp=\dimen166
\Gm@even@mp=\dimen167
\Gm@layoutwidth=\dimen168
\Gm@layoutheight=\dimen169
\Gm@layouthoffset=\dimen170
\Gm@layoutvoffset=\dimen171
\Gm@dimlist=\toks18

(C:\Users\TJI\AppData\Local\Programs\MiKTeX\tex/latex/geometry\geometry.cfg))
(C:\Users\TJI\AppData\Local\Programs\MiKTeX\tex/latex/pgf/math\pgfmath.sty
(C:\Users\TJI\AppData\Local\Programs\MiKTeX\tex/latex/pgf/utilities\pgfrcs.sty
(C:\Users\TJI\AppData\Local\Programs\MiKTeX\tex/generic/pgf/utilities\pgfutil-c
ommon.tex
\pgfutil@everybye=\toks19
\pgfutil@tempdima=\dimen172
\pgfutil@tempdimb=\dimen173
)
(C:\Users\TJI\AppData\Local\Programs\MiKTeX\tex/generic/pgf/utilities\pgfutil-l
atex.def
\pgfutil@abb=\box62
)
(C:\Users\TJI\AppData\Local\Programs\MiKTeX\tex/generic/pgf/utilities\pgfrcs.co
de.tex
(C:\Users\TJI\AppData\Local\Programs\MiKTeX\tex/generic/pgf\pgf.revision.tex)
Package: pgfrcs 2025-08-29 v3.1.11a (3.1.11a)
))
(C:\Users\TJI\AppData\Local\Programs\MiKTeX\tex/latex/pgf/utilities\pgfkeys.sty

(C:\Users\TJI\AppData\Local\Programs\MiKTeX\tex/generic/pgf/utilities\pgfkeys.c
ode.tex
\pgfkeys@pathtoks=\toks20
\pgfkeys@temptoks=\toks21

(C:\Users\TJI\AppData\Local\Programs\MiKTeX\tex/generic/pgf/utilities\pgfkeysli
braryfiltered.code.tex
\pgfkeys@tmptoks=\toks22
)))
(C:\Users\TJI\AppData\Local\Programs\MiKTeX\tex/generic/pgf/math\pgfmath.code.t
ex
(C:\Users\TJI\AppData\Local\Programs\MiKTeX\tex/generic/pgf/math\pgfmathutil.co
de.tex
\pgf@x=\dimen174
\pgf@xa=\dimen175
\pgf@xb=\dimen176
\pgf@xc=\dimen177
\pgf@y=\dimen178
\pgf@ya=\dimen179
\pgf@yb=\dimen180
\pgf@yc=\dimen181
\c@pgf@counta=\count304
\c@pgf@countb=\count305
\c@pgf@countc=\count306
\c@pgf@countd=\count307
)
(C:\Users\TJI\AppData\Local\Programs\MiKTeX\tex/generic/pgf/math\pgfmathparser.
code.tex
\pgfmath@dimen=\dimen182
\pgfmath@count=\count308
\pgfmath@box=\box63
\pgfmath@toks=\toks23
\pgfmath@stack@operand=\toks24
\pgfmath@stack@operation=\toks25
)
(C:\Users\TJI\AppData\Local\Programs\MiKTeX\tex/generic/pgf/math\pgfmathfunctio
ns.code.tex)
(C:\Users\TJI\AppData\Local\Programs\MiKTeX\tex/generic/pgf/math\pgfmathfunctio
ns.basic.code.tex)
(C:\Users\TJI\AppData\Local\Programs\MiKTeX\tex/generic/pgf/math\pgfmathfunctio
ns.trigonometric.code.tex)
(C:\Users\TJI\AppData\Local\Programs\MiKTeX\tex/generic/pgf/math\pgfmathfunctio
ns.random.code.tex)
(C:\Users\TJI\AppData\Local\Programs\MiKTeX\tex/generic/pgf/math\pgfmathfunctio
ns.comparison.code.tex)
(C:\Users\TJI\AppData\Local\Programs\MiKTeX\tex/generic/pgf/math\pgfmathfunctio
ns.base.code.tex)
(C:\Users\TJI\AppData\Local\Programs\MiKTeX\tex/generic/pgf/math\pgfmathfunctio
ns.round.code.tex)
(C:\Users\TJI\AppData\Local\Programs\MiKTeX\tex/generic/pgf/math\pgfmathfunctio
ns.misc.code.tex)
(C:\Users\TJI\AppData\Local\Programs\MiKTeX\tex/generic/pgf/math\pgfmathfunctio
ns.integerarithmetics.code.tex)
(C:\Users\TJI\AppData\Local\Programs\MiKTeX\tex/generic/pgf/math\pgfmathcalc.co
de.tex)
(C:\Users\TJI\AppData\Local\Programs\MiKTeX\tex/generic/pgf/math\pgfmathfloat.c
ode.tex
\c@pgfmathroundto@lastzeros=\count309
)))
(C:\Users\TJI\AppData\Local\Programs\MiKTeX\tex/latex/extsizes\size14.clo
File: size14.clo 1999/11/11 v1.4a NON-Standard LaTeX file (size option)
)
(C:\Users\TJI\AppData\Local\Programs\MiKTeX\tex/latex/pgf/basiclayer\pgfcore.st
y (C:\Users\TJI\AppData\Local\Programs\MiKTeX\tex/latex/graphics\graphicx.sty
Package: graphicx 2024/12/31 v1.2e Enhanced LaTeX Graphics (DPC,SPQR)

(C:\Users\TJI\AppData\Local\Programs\MiKTeX\tex/latex/graphics\graphics.sty
Package: graphics 2024/08/06 v1.4g Standard LaTeX Graphics (DPC,SPQR)

(C:\Users\TJI\AppData\Local\Programs\MiKTeX\tex/latex/graphics\trig.sty
Package: trig 2023/12/02 v1.11 sin cos tan (DPC)
)
(C:\Users\TJI\AppData\Local\Programs\MiKTeX\tex/latex/graphics-cfg\graphics.cfg
File: graphics.cfg 2016/06/04 v1.11 sample graphics configuration
)
Package graphics Info: Driver file: pdftex.def on input line 106.
 (C:\Users\TJI\AppData\Local\Programs\MiKTeX\tex/latex/graphics-def\pdftex.def
File: pdftex.def 2025/09/29 v1.2d Graphics/color driver for pdftex
))
\Gin@req@height=\dimen183
\Gin@req@width=\dimen184
)
(C:\Users\TJI\AppData\Local\Programs\MiKTeX\tex/latex/pgf/systemlayer\pgfsys.st
y
(C:\Users\TJI\AppData\Local\Programs\MiKTeX\tex/generic/pgf/systemlayer\pgfsys.
code.tex
Package: pgfsys 2025-08-29 v3.1.11a (3.1.11a)
\pgf@x=\dimen185
\pgf@y=\dimen186
\pgf@xa=\dimen187
\pgf@ya=\dimen188
\pgf@xb=\dimen189
\pgf@yb=\dimen190
\pgf@xc=\dimen191
\pgf@yc=\dimen192
\pgf@xd=\dimen193
\pgf@yd=\dimen194
\w@pgf@writea=\write3
\r@pgf@reada=\read2
\c@pgf@counta=\count310
\c@pgf@countb=\count311
\c@pgf@countc=\count312
\c@pgf@countd=\count313
\t@pgf@toka=\toks26
\t@pgf@tokb=\toks27
\t@pgf@tokc=\toks28
\pgf@sys@id@count=\count314

(C:\Users\TJI\AppData\Local\Programs\MiKTeX\tex/generic/pgf/systemlayer\pgf.cfg
File: pgf.cfg 2025-08-29 v3.1.11a (3.1.11a)
)
Driver file for pgf: pgfsys-pdftex.def

(C:\Users\TJI\AppData\Local\Programs\MiKTeX\tex/generic/pgf/systemlayer\pgfsys-
pdftex.def
File: pgfsys-pdftex.def 2025-08-29 v3.1.11a (3.1.11a)

(C:\Users\TJI\AppData\Local\Programs\MiKTeX\tex/generic/pgf/systemlayer\pgfsys-
common-pdf.def
File: pgfsys-common-pdf.def 2025-08-29 v3.1.11a (3.1.11a)
)))
(C:\Users\TJI\AppData\Local\Programs\MiKTeX\tex/generic/pgf/systemlayer\pgfsyss
oftpath.code.tex
File: pgfsyssoftpath.code.tex 2025-08-29 v3.1.11a (3.1.11a)
\pgfsyssoftpath@smallbuffer@items=\count315
\pgfsyssoftpath@bigbuffer@items=\count316
)
(C:\Users\TJI\AppData\Local\Programs\MiKTeX\tex/generic/pgf/systemlayer\pgfsysp
rotocol.code.tex
File: pgfsysprotocol.code.tex 2025-08-29 v3.1.11a (3.1.11a)
))
(C:\Users\TJI\AppData\Local\Programs\MiKTeX\tex/latex/xcolor\xcolor.sty
Package: xcolor 2024/09/29 v3.02 LaTeX color extensions (UK)

(C:\Users\TJI\AppData\Local\Programs\MiKTeX\tex/latex/graphics-cfg\color.cfg
File: color.cfg 2016/01/02 v1.6 sample color configuration
)
Package xcolor Info: Driver file: pdftex.def on input line 274.

(C:\Users\TJI\AppData\Local\Programs\MiKTeX\tex/latex/graphics\mathcolor.ltx)
Package xcolor Info: Model `cmy' substituted by `cmy0' on input line 1349.
Package xcolor Info: Model `hsb' substituted by `rgb' on input line 1353.
Package xcolor Info: Model `RGB' extended on input line 1365.
Package xcolor Info: Model `HTML' substituted by `rgb' on input line 1367.
Package xcolor Info: Model `Hsb' substituted by `hsb' on input line 1368.
Package xcolor Info: Model `tHsb' substituted by `hsb' on input line 1369.
Package xcolor Info: Model `HSB' substituted by `hsb' on input line 1370.
Package xcolor Info: Model `Gray' substituted by `gray' on input line 1371.
Package xcolor Info: Model `wave' substituted by `hsb' on input line 1372.
)
(C:\Users\TJI\AppData\Local\Programs\MiKTeX\tex/generic/pgf/basiclayer\pgfcore.
code.tex
Package: pgfcore 2025-08-29 v3.1.11a (3.1.11a)

(C:\Users\TJI\AppData\Local\Programs\MiKTeX\tex/generic/pgf/math\pgfint.code.te
x)
(C:\Users\TJI\AppData\Local\Programs\MiKTeX\tex/generic/pgf/basiclayer\pgfcorep
oints.code.tex
File: pgfcorepoints.code.tex 2025-08-29 v3.1.11a (3.1.11a)
\pgf@picminx=\dimen195
\pgf@picmaxx=\dimen196
\pgf@picminy=\dimen197
\pgf@picmaxy=\dimen198
\pgf@pathminx=\dimen199
\pgf@pathmaxx=\dimen256
\pgf@pathminy=\dimen257
\pgf@pathmaxy=\dimen258
\pgf@xx=\dimen259
\pgf@xy=\dimen260
\pgf@yx=\dimen261
\pgf@yy=\dimen262
\pgf@zx=\dimen263
\pgf@zy=\dimen264
)
(C:\Users\TJI\AppData\Local\Programs\MiKTeX\tex/generic/pgf/basiclayer\pgfcorep
athconstruct.code.tex
File: pgfcorepathconstruct.code.tex 2025-08-29 v3.1.11a (3.1.11a)
\pgf@path@lastx=\dimen265
\pgf@path@lasty=\dimen266
)
(C:\Users\TJI\AppData\Local\Programs\MiKTeX\tex/generic/pgf/basiclayer\pgfcorep
athusage.code.tex
File: pgfcorepathusage.code.tex 2025-08-29 v3.1.11a (3.1.11a)
\pgf@shorten@end@additional=\dimen267
\pgf@shorten@start@additional=\dimen268
)
(C:\Users\TJI\AppData\Local\Programs\MiKTeX\tex/generic/pgf/basiclayer\pgfcores
copes.code.tex
File: pgfcorescopes.code.tex 2025-08-29 v3.1.11a (3.1.11a)
\pgfpic=\box64
\pgf@hbox=\box65
\pgf@layerbox@main=\box66
\pgf@picture@serial@count=\count317
)
(C:\Users\TJI\AppData\Local\Programs\MiKTeX\tex/generic/pgf/basiclayer\pgfcoreg
raphicstate.code.tex
File: pgfcoregraphicstate.code.tex 2025-08-29 v3.1.11a (3.1.11a)
\pgflinewidth=\dimen269
)
(C:\Users\TJI\AppData\Local\Programs\MiKTeX\tex/generic/pgf/basiclayer\pgfcoret
ransformations.code.tex
File: pgfcoretransformations.code.tex 2025-08-29 v3.1.11a (3.1.11a)
\pgf@pt@x=\dimen270
\pgf@pt@y=\dimen271
\pgf@pt@temp=\dimen272
)
(C:\Users\TJI\AppData\Local\Programs\MiKTeX\tex/generic/pgf/basiclayer\pgfcoreq
uick.code.tex
File: pgfcorequick.code.tex 2025-08-29 v3.1.11a (3.1.11a)
)
(C:\Users\TJI\AppData\Local\Programs\MiKTeX\tex/generic/pgf/basiclayer\pgfcoreo
bjects.code.tex
File: pgfcoreobjects.code.tex 2025-08-29 v3.1.11a (3.1.11a)
)
(C:\Users\TJI\AppData\Local\Programs\MiKTeX\tex/generic/pgf/basiclayer\pgfcorep
athprocessing.code.tex
File: pgfcorepathprocessing.code.tex 2025-08-29 v3.1.11a (3.1.11a)
)
(C:\Users\TJI\AppData\Local\Programs\MiKTeX\tex/generic/pgf/basiclayer\pgfcorea
rrows.code.tex
File: pgfcorearrows.code.tex 2025-08-29 v3.1.11a (3.1.11a)
\pgfarrowsep=\dimen273
)
(C:\Users\TJI\AppData\Local\Programs\MiKTeX\tex/generic/pgf/basiclayer\pgfcores
hade.code.tex
File: pgfcoreshade.code.tex 2025-08-29 v3.1.11a (3.1.11a)
\pgf@max=\dimen274
\pgf@sys@shading@range@num=\count318
\pgf@shadingcount=\count319
)
(C:\Users\TJI\AppData\Local\Programs\MiKTeX\tex/generic/pgf/basiclayer\pgfcorei
mage.code.tex
File: pgfcoreimage.code.tex 2025-08-29 v3.1.11a (3.1.11a)
)
(C:\Users\TJI\AppData\Local\Programs\MiKTeX\tex/generic/pgf/basiclayer\pgfcoree
xternal.code.tex
File: pgfcoreexternal.code.tex 2025-08-29 v3.1.11a (3.1.11a)
\pgfexternal@startupbox=\box67
)
(C:\Users\TJI\AppData\Local\Programs\MiKTeX\tex/generic/pgf/basiclayer\pgfcorel
ayers.code.tex
File: pgfcorelayers.code.tex 2025-08-29 v3.1.11a (3.1.11a)
)
(C:\Users\TJI\AppData\Local\Programs\MiKTeX\tex/generic/pgf/basiclayer\pgfcoret
ransparency.code.tex
File: pgfcoretransparency.code.tex 2025-08-29 v3.1.11a (3.1.11a)
)
(C:\Users\TJI\AppData\Local\Programs\MiKTeX\tex/generic/pgf/basiclayer\pgfcorep
atterns.code.tex
File: pgfcorepatterns.code.tex 2025-08-29 v3.1.11a (3.1.11a)
)
(C:\Users\TJI\AppData\Local\Programs\MiKTeX\tex/generic/pgf/basiclayer\pgfcorer
df.code.tex
File: pgfcorerdf.code.tex 2025-08-29 v3.1.11a (3.1.11a)
)))
(C:\Users\TJI\AppData\Local\Programs\MiKTeX\tex/latex/pgf/utilities\xxcolor.sty
Package: xxcolor 2003/10/24 ver 0.1
\XC@nummixins=\count320
\XC@countmixins=\count321
) (C:\Users\TJI\AppData\Local\Programs\MiKTeX\tex/latex/base\atbegshi-ltx.sty
Package: atbegshi-ltx 2021/01/10 v1.0c Emulation of the original atbegshi
package with kernel methods
)
(C:\Users\TJI\AppData\Local\Programs\MiKTeX\tex/latex/hyperref\hyperref.sty
Package: hyperref 2025-07-12 v7.01o Hypertext links for LaTeX

(C:\Users\TJI\AppData\Local\Programs\MiKTeX\tex/latex/kvsetkeys\kvsetkeys.sty
Package: kvsetkeys 2022-10-05 v1.19 Key value parser (HO)
)
(C:\Users\TJI\AppData\Local\Programs\MiKTeX\tex/generic/kvdefinekeys\kvdefineke
ys.sty
Package: kvdefinekeys 2019-12-19 v1.6 Define keys (HO)
)
(C:\Users\TJI\AppData\Local\Programs\MiKTeX\tex/generic/pdfescape\pdfescape.sty
Package: pdfescape 2019/12/09 v1.15 Implements pdfTeX's escape features (HO)
(C:\Users\TJI\AppData\Local\Programs\MiKTeX\tex/generic/ltxcmds\ltxcmds.sty
Package: ltxcmds 2023-12-04 v1.26 LaTeX kernel commands for general use (HO)
)
(C:\Users\TJI\AppData\Local\Programs\MiKTeX\tex/generic/pdftexcmds\pdftexcmds.s
ty
Package: pdftexcmds 2020-06-27 v0.33 Utility functions of pdfTeX for LuaTeX (HO
)

(C:\Users\TJI\AppData\Local\Programs\MiKTeX\tex/generic/infwarerr\infwarerr.sty
Package: infwarerr 2019/12/03 v1.5 Providing info/warning/error messages (HO)
)
Package pdftexcmds Info: \pdf@primitive is available.
Package pdftexcmds Info: \pdf@ifprimitive is available.
Package pdftexcmds Info: \pdfdraftmode found.
)) (C:\Users\TJI\AppData\Local\Programs\MiKTeX\tex/latex/hycolor\hycolor.sty
Package: hycolor 2020-01-27 v1.10 Color options for hyperref/bookmark (HO)
)
(C:\Users\TJI\AppData\Local\Programs\MiKTeX\tex/latex/hyperref\nameref.sty
Package: nameref 2025-06-21 v2.57 Cross-referencing by name of section

(C:\Users\TJI\AppData\Local\Programs\MiKTeX\tex/latex/refcount\refcount.sty
Package: refcount 2019/12/15 v3.6 Data extraction from label references (HO)
)
(C:\Users\TJI\AppData\Local\Programs\MiKTeX\tex/generic/gettitlestring\gettitle
string.sty
Package: gettitlestring 2019/12/15 v1.6 Cleanup title references (HO)

(C:\Users\TJI\AppData\Local\Programs\MiKTeX\tex/latex/kvoptions\kvoptions.sty
Package: kvoptions 2022-06-15 v3.15 Key value format for package options (HO)
))
\c@section@level=\count322
)
(C:\Users\TJI\AppData\Local\Programs\MiKTeX\tex/generic/stringenc\stringenc.sty
Package: stringenc 2019/11/29 v1.12 Convert strings between diff. encodings (HO
)
)
\@linkdim=\dimen275
\Hy@linkcounter=\count323
\Hy@pagecounter=\count324
 (C:\Users\TJI\AppData\Local\Programs\MiKTeX\tex/latex/hyperref\pd1enc.def
File: pd1enc.def 2025-07-12 v7.01o Hyperref: PDFDocEncoding definition (HO)
Now handling font encoding PD1 ...
... no UTF-8 mapping file for font encoding PD1
)
(C:\Users\TJI\AppData\Local\Programs\MiKTeX\tex/generic/intcalc\intcalc.sty
Package: intcalc 2019/12/15 v1.3 Expandable calculations with integers (HO)
)
\Hy@SavedSpaceFactor=\count325

(C:\Users\TJI\AppData\Local\Programs\MiKTeX\tex/latex/hyperref\puenc.def
File: puenc.def 2025-07-12 v7.01o Hyperref: PDF Unicode definition (HO)
Now handling font encoding PU ...
... no UTF-8 mapping file for font encoding PU
)
Package hyperref Info: Option `bookmarks' set `true' on input line 4066.
Package hyperref Info: Option `bookmarksopen' set `true' on input line 4066.
Package hyperref Info: Option `implicit' set `false' on input line 4066.
Package hyperref Info: Hyper figures OFF on input line 4195.
Package hyperref Info: Link nesting OFF on input line 4200.
Package hyperref Info: Hyper index ON on input line 4203.
Package hyperref Info: Plain pages OFF on input line 4210.
Package hyperref Info: Backreferencing OFF on input line 4215.
Package hyperref Info: Implicit mode OFF; no redefinition of LaTeX internals.
Package hyperref Info: Bookmarks ON on input line 4462.
\c@Hy@tempcnt=\count326

(C:\Users\TJI\AppData\Local\Programs\MiKTeX\tex/latex/url\url.sty
\Urlmuskip=\muskip17
Package: url 2013/09/16  ver 3.4  Verb mode for urls, etc.
)
LaTeX Info: Redefining \url on input line 4801.
\XeTeXLinkMargin=\dimen276

(C:\Users\TJI\AppData\Local\Programs\MiKTeX\tex/generic/bitset\bitset.sty
Package: bitset 2019/12/09 v1.3 Handle bit-vector datatype (HO)

(C:\Users\TJI\AppData\Local\Programs\MiKTeX\tex/generic/bigintcalc\bigintcalc.s
ty
Package: bigintcalc 2019/12/15 v1.5 Expandable calculations on big integers (HO
)
))
\Fld@menulength=\count327
\Field@Width=\dimen277
\Fld@charsize=\dimen278
Package hyperref Info: Hyper figures OFF on input line 6078.
Package hyperref Info: Link nesting OFF on input line 6083.
Package hyperref Info: Hyper index ON on input line 6086.
Package hyperref Info: backreferencing OFF on input line 6093.
Package hyperref Info: Link coloring OFF on input line 6098.
Package hyperref Info: Link coloring with OCG OFF on input line 6103.
Package hyperref Info: PDF/A mode OFF on input line 6108.
\Hy@abspage=\count328


Package hyperref Message: Stopped early.

)
Package hyperref Info: Driver (autodetected): hpdftex.
 (C:\Users\TJI\AppData\Local\Programs\MiKTeX\tex/latex/hyperref\hpdftex.def
File: hpdftex.def 2025-07-12 v7.01o Hyperref driver for pdfTeX
\Fld@listcount=\count329
\c@bookmark@seq@number=\count330

(C:\Users\TJI\AppData\Local\Programs\MiKTeX\tex/latex/rerunfilecheck\rerunfilec
heck.sty
Package: rerunfilecheck 2025-06-21 v1.11 Rerun checks for auxiliary files (HO)

(C:\Users\TJI\AppData\Local\Programs\MiKTeX\tex/generic/uniquecounter\uniquecou
nter.sty
Package: uniquecounter 2019/12/15 v1.4 Provide unlimited unique counter (HO)
)
Package uniquecounter Info: New unique counter `rerunfilecheck' on input line 2
84.
))
(C:\Users\TJI\AppData\Local\Programs\MiKTeX\tex/latex/beamer\beamerbaserequires
.sty
(C:\Users\TJI\AppData\Local\Programs\MiKTeX\tex/latex/beamer\beamerbasecompatib
ility.sty)
(C:\Users\TJI\AppData\Local\Programs\MiKTeX\tex/latex/beamer\beamerbasefont.sty
(C:\Users\TJI\AppData\Local\Programs\MiKTeX\tex/latex/amsfonts\amssymb.sty
Package: amssymb 2013/01/14 v3.01 AMS font symbols

(C:\Users\TJI\AppData\Local\Programs\MiKTeX\tex/latex/amsfonts\amsfonts.sty
Package: amsfonts 2013/01/14 v3.01 Basic AMSFonts support
\@emptytoks=\toks29
\symAMSa=\mathgroup4
\symAMSb=\mathgroup5
LaTeX Font Info:    Redeclaring math symbol \hbar on input line 98.
LaTeX Font Info:    Overwriting math alphabet `\mathfrak' in version `bold'
(Font)                  U/euf/m/n --> U/euf/b/n on input line 106.
))
(C:\Users\TJI\AppData\Local\Programs\MiKTeX\tex/latex/sansmathaccent\sansmathac
cent.sty
Package: sansmathaccent 2020/01/31

(C:\Users\TJI\AppData\Local\Programs\MiKTeX\tex/latex/koma-script\scrlfile.sty
Package: scrlfile 2026/02/02 v3.49.2 KOMA-Script package (file load hooks)

(C:\Users\TJI\AppData\Local\Programs\MiKTeX\tex/latex/koma-script\scrlfile-hook
.sty
Package: scrlfile-hook 2026/02/02 v3.49.2 KOMA-Script package (using LaTeX hook
s)

(C:\Users\TJI\AppData\Local\Programs\MiKTeX\tex/latex/koma-script\scrlogo.sty
Package: scrlogo 2026/02/02 v3.49.2 KOMA-Script package (logo)
)))))
(C:\Users\TJI\AppData\Local\Programs\MiKTeX\tex/latex/beamer\beamerbasetranslat
or.sty
(C:\Users\TJI\AppData\Local\Programs\MiKTeX\tex/latex/translator\translator.sty
Package: translator 2021-05-31 v1.12d Easy translation of strings in LaTeX
))
(C:\Users\TJI\AppData\Local\Programs\MiKTeX\tex/latex/beamer\beamerbasemisc.sty
)
(C:\Users\TJI\AppData\Local\Programs\MiKTeX\tex/latex/beamer\beamerbasetwoscree
ns.sty)
(C:\Users\TJI\AppData\Local\Programs\MiKTeX\tex/latex/beamer\beamerbaseoverlay.
sty
\beamer@argscount=\count331
\beamer@lastskipcover=\skip52
\beamer@trivlistdepth=\count332
)
(C:\Users\TJI\AppData\Local\Programs\MiKTeX\tex/latex/beamer\beamerbasetitle.st
y)
(C:\Users\TJI\AppData\Local\Programs\MiKTeX\tex/latex/beamer\beamerbasesection.
sty
\c@lecture=\count333
\c@part=\count334
\c@section=\count335
\c@subsection=\count336
\c@subsubsection=\count337
)
(C:\Users\TJI\AppData\Local\Programs\MiKTeX\tex/latex/beamer\beamerbaseframe.st
y
\beamer@framebox=\box68
\beamer@frametitlebox=\box69
\beamer@zoombox=\box70
\beamer@zoomcount=\count338
\beamer@zoomframecount=\count339
\beamer@frametextheight=\dimen279
\c@subsectionslide=\count340
\beamer@frametopskip=\skip53
\beamer@framebottomskip=\skip54
\beamer@frametopskipautobreak=\skip55
\beamer@framebottomskipautobreak=\skip56
\beamer@envbody=\toks30
\framewidth=\dimen280
\c@framenumber=\count341
)
(C:\Users\TJI\AppData\Local\Programs\MiKTeX\tex/latex/beamer\beamerbaseverbatim
.sty
\beamer@verbatimfileout=\write4
)
(C:\Users\TJI\AppData\Local\Programs\MiKTeX\tex/latex/beamer\beamerbaseframesiz
e.sty
\beamer@splitbox=\box71
\beamer@autobreakcount=\count342
\beamer@autobreaklastheight=\dimen281
\beamer@frametitletoks=\toks31
\beamer@framesubtitletoks=\toks32
)
(C:\Users\TJI\AppData\Local\Programs\MiKTeX\tex/latex/beamer\beamerbaseframecom
ponents.sty
\beamer@colheight=\skip57
\beamer@footins=\box72
)
(C:\Users\TJI\AppData\Local\Programs\MiKTeX\tex/latex/beamer\beamerbasecolor.st
y)
(C:\Users\TJI\AppData\Local\Programs\MiKTeX\tex/latex/beamer\beamerbasenotes.st
y
\beamer@frameboxcopy=\box73
)
(C:\Users\TJI\AppData\Local\Programs\MiKTeX\tex/latex/beamer\beamerbasetoc.sty)

(C:\Users\TJI\AppData\Local\Programs\MiKTeX\tex/latex/beamer\beamerbasetemplate
s.sty
\beamer@sbttoks=\toks33

(C:\Users\TJI\AppData\Local\Programs\MiKTeX\tex/latex/beamer\beamerbaseauxtempl
ates.sty
(C:\Users\TJI\AppData\Local\Programs\MiKTeX\tex/latex/beamer\beamerbaseboxes.st
y
\bmb@box=\box74
\bmb@colorbox=\box75
\bmb@boxwidth=\dimen282
\bmb@boxheight=\dimen283
\bmb@prevheight=\dimen284
\bmb@temp=\dimen285
\bmb@dima=\dimen286
\bmb@dimb=\dimen287
\bmb@prevheight=\dimen288
)
\beamer@blockheadheight=\dimen289
))
(C:\Users\TJI\AppData\Local\Programs\MiKTeX\tex/latex/beamer\beamerbaselocalstr
ucture.sty
(C:\Users\TJI\AppData\Local\Programs\MiKTeX\tex/latex/tools\enumerate.sty
Package: enumerate 2023/07/04 v3.00 enumerate extensions (DPC)
\@enLab=\toks34
)
\beamer@bibiconwidth=\skip58
\c@figure=\count343
\c@table=\count344
\abovecaptionskip=\skip59
\belowcaptionskip=\skip60
)
(C:\Users\TJI\AppData\Local\Programs\MiKTeX\tex/latex/beamer\beamerbasenavigati
on.sty
(C:\Users\TJI\AppData\Local\Programs\MiKTeX\tex/latex/beamer\beamerbasenavigati
onsymbols.tex)
\beamer@section@min@dim=\dimen290
)
(C:\Users\TJI\AppData\Local\Programs\MiKTeX\tex/latex/beamer\beamerbasetheorems
.sty (C:\Users\TJI\AppData\Local\Programs\MiKTeX\tex/latex/amsmath\amsmath.sty
Package: amsmath 2025/07/09 v2.17z AMS math features
\@mathmargin=\skip61

For additional information on amsmath, use the `?' option.
(C:\Users\TJI\AppData\Local\Programs\MiKTeX\tex/latex/amsmath\amstext.sty
Package: amstext 2024/11/17 v2.01 AMS text

(C:\Users\TJI\AppData\Local\Programs\MiKTeX\tex/latex/amsmath\amsgen.sty
File: amsgen.sty 1999/11/30 v2.0 generic functions
\@emptytoks=\toks35
\ex@=\dimen291
))
(C:\Users\TJI\AppData\Local\Programs\MiKTeX\tex/latex/amsmath\amsbsy.sty
Package: amsbsy 1999/11/29 v1.2d Bold Symbols
\pmbraise@=\dimen292
)
(C:\Users\TJI\AppData\Local\Programs\MiKTeX\tex/latex/amsmath\amsopn.sty
Package: amsopn 2022/04/08 v2.04 operator names
)
\inf@bad=\count345
LaTeX Info: Redefining \frac on input line 233.
\uproot@=\count346
\leftroot@=\count347
LaTeX Info: Redefining \overline on input line 398.
LaTeX Info: Redefining \colon on input line 409.
\classnum@=\count348
\DOTSCASE@=\count349
LaTeX Info: Redefining \ldots on input line 495.
LaTeX Info: Redefining \dots on input line 498.
LaTeX Info: Redefining \cdots on input line 619.
\Mathstrutbox@=\box76
\strutbox@=\box77
LaTeX Info: Redefining \big on input line 721.
LaTeX Info: Redefining \Big on input line 722.
LaTeX Info: Redefining \bigg on input line 723.
LaTeX Info: Redefining \Bigg on input line 724.
\big@size=\dimen293
LaTeX Font Info:    Redeclaring font encoding OML on input line 742.
LaTeX Font Info:    Redeclaring font encoding OMS on input line 743.
\macc@depth=\count350
LaTeX Info: Redefining \bmod on input line 904.
LaTeX Info: Redefining \pmod on input line 909.
LaTeX Info: Redefining \smash on input line 939.
LaTeX Info: Redefining \relbar on input line 969.
LaTeX Info: Redefining \Relbar on input line 970.
\c@MaxMatrixCols=\count351
\dotsspace@=\muskip18
\c@parentequation=\count352
\dspbrk@lvl=\count353
\tag@help=\toks36
\row@=\count354
\column@=\count355
\maxfields@=\count356
\andhelp@=\toks37
\eqnshift@=\dimen294
\alignsep@=\dimen295
\tagshift@=\dimen296
\tagwidth@=\dimen297
\totwidth@=\dimen298
\lineht@=\dimen299
\@envbody=\toks38
\multlinegap=\skip62
\multlinetaggap=\skip63
\mathdisplay@stack=\toks39
LaTeX Info: Redefining \[ on input line 2950.
LaTeX Info: Redefining \] on input line 2951.
)
(C:\Users\TJI\AppData\Local\Programs\MiKTeX\tex/latex/amscls\amsthm.sty
Package: amsthm 2020/05/29 v2.20.6
\thm@style=\toks40
\thm@bodyfont=\toks41
\thm@headfont=\toks42
\thm@notefont=\toks43
\thm@headpunct=\toks44
\thm@preskip=\skip64
\thm@postskip=\skip65
\thm@headsep=\skip66
\dth@everypar=\toks45
)
\c@theorem=\count357
)
(C:\Users\TJI\AppData\Local\Programs\MiKTeX\tex/latex/beamer\beamerbasethemes.s
ty))
(C:\Users\TJI\AppData\Local\Programs\MiKTeX\tex/latex/beamer\beamerthemedefault
.sty
(C:\Users\TJI\AppData\Local\Programs\MiKTeX\tex/latex/beamer\beamerfontthemedef
ault.sty)
(C:\Users\TJI\AppData\Local\Programs\MiKTeX\tex/latex/beamer\beamercolorthemede
fault.sty)
(C:\Users\TJI\AppData\Local\Programs\MiKTeX\tex/latex/beamer\beamerinnerthemede
fault.sty
\beamer@dima=\dimen300
\beamer@dimb=\dimen301
)
(C:\Users\TJI\AppData\Local\Programs\MiKTeX\tex/latex/beamer\beamerouterthemede
fault.sty)))
(C:\Users\TJI\AppData\Local\Programs\MiKTeX\tex/latex/booktabs\booktabs.sty
Package: booktabs 2020/01/12 v1.61803398 Publication quality tables
\heavyrulewidth=\dimen302
\lightrulewidth=\dimen303
\cmidrulewidth=\dimen304
\belowrulesep=\dimen305
\belowbottomsep=\dimen306
\aboverulesep=\dimen307
\abovetopsep=\dimen308
\cmidrulesep=\dimen309
\cmidrulekern=\dimen310
\defaultaddspace=\dimen311
\@cmidla=\count358
\@cmidlb=\count359
\@aboverulesep=\dimen312
\@belowrulesep=\dimen313
\@thisruleclass=\count360
\@lastruleclass=\count361
\@thisrulewidth=\dimen314
)
(C:\Users\TJI\AppData\Local\Programs\MiKTeX\tex/latex/tools\array.sty
Package: array 2025/09/25 v2.6n Tabular extension package (FMi)
\col@sep=\dimen315
\ar@mcellbox=\box78
\extrarowheight=\dimen316
\NC@list=\toks46
\extratabsurround=\skip67
\backup@length=\skip68
\ar@cellbox=\box79
)
(C:\Users\TJI\AppData\Local\Programs\MiKTeX\tex/latex/colortbl\colortbl.sty
Package: colortbl 2026/05/01 v1.0l Color table columns (DPC)
\everycr=\toks47
\minrowclearance=\skip69
\rownum=\count362
)
(C:\Users\TJI\AppData\Local\Programs\MiKTeX\tex/latex/pgf/frontendlayer\tikz.st
y (C:\Users\TJI\AppData\Local\Programs\MiKTeX\tex/latex/pgf/basiclayer\pgf.sty
Package: pgf 2025-08-29 v3.1.11a (3.1.11a)

(C:\Users\TJI\AppData\Local\Programs\MiKTeX\tex/generic/pgf/modules\pgfmodulesh
apes.code.tex
File: pgfmoduleshapes.code.tex 2025-08-29 v3.1.11a (3.1.11a)
\pgfnodeparttextbox=\box80
)
(C:\Users\TJI\AppData\Local\Programs\MiKTeX\tex/generic/pgf/modules\pgfmodulepl
ot.code.tex
File: pgfmoduleplot.code.tex 2025-08-29 v3.1.11a (3.1.11a)
)
(C:\Users\TJI\AppData\Local\Programs\MiKTeX\tex/latex/pgf/compatibility\pgfcomp
-version-0-65.sty
Package: pgfcomp-version-0-65 2025-08-29 v3.1.11a (3.1.11a)
\pgf@nodesepstart=\dimen317
\pgf@nodesepend=\dimen318
)
(C:\Users\TJI\AppData\Local\Programs\MiKTeX\tex/latex/pgf/compatibility\pgfcomp
-version-1-18.sty
Package: pgfcomp-version-1-18 2025-08-29 v3.1.11a (3.1.11a)
))
(C:\Users\TJI\AppData\Local\Programs\MiKTeX\tex/latex/pgf/utilities\pgffor.sty
(C:\Users\TJI\AppData\Local\Programs\MiKTeX\tex/generic/pgf/utilities\pgffor.co
de.tex
Package: pgffor 2025-08-29 v3.1.11a (3.1.11a)
\pgffor@iter=\dimen319
\pgffor@skip=\dimen320
\pgffor@stack=\toks48
\pgffor@toks=\toks49
))
(C:\Users\TJI\AppData\Local\Programs\MiKTeX\tex/generic/pgf/frontendlayer/tikz\
tikz.code.tex
Package: tikz 2025-08-29 v3.1.11a (3.1.11a)

(C:\Users\TJI\AppData\Local\Programs\MiKTeX\tex/generic/pgf/libraries\pgflibrar
yplothandlers.code.tex
File: pgflibraryplothandlers.code.tex 2025-08-29 v3.1.11a (3.1.11a)
\pgf@plot@mark@count=\count363
\pgfplotmarksize=\dimen321
)
\tikz@lastx=\dimen322
\tikz@lasty=\dimen323
\tikz@lastxsaved=\dimen324
\tikz@lastysaved=\dimen325
\tikz@lastmovetox=\dimen326
\tikz@lastmovetoy=\dimen327
\tikzleveldistance=\dimen328
\tikzsiblingdistance=\dimen329
\tikz@figbox=\box81
\tikz@figbox@bg=\box82
\tikz@tempbox=\box83
\tikz@tempbox@bg=\box84
\tikztreelevel=\count364
\tikznumberofchildren=\count365
\tikznumberofcurrentchild=\count366
\tikz@fig@count=\count367

(C:\Users\TJI\AppData\Local\Programs\MiKTeX\tex/generic/pgf/modules\pgfmodulema
trix.code.tex
File: pgfmodulematrix.code.tex 2025-08-29 v3.1.11a (3.1.11a)
\pgfmatrixcurrentrow=\count368
\pgfmatrixcurrentcolumn=\count369
\pgf@matrix@numberofcolumns=\count370
)
\tikz@expandcount=\count371

(C:\Users\TJI\AppData\Local\Programs\MiKTeX\tex/generic/pgf/frontendlayer/tikz/
libraries\tikzlibrarytopaths.code.tex
File: tikzlibrarytopaths.code.tex 2025-08-29 v3.1.11a (3.1.11a)
)))
(C:\Users\TJI\AppData\Local\Programs\MiKTeX\tex/generic/pgf/frontendlayer/tikz/
libraries\tikzlibrarypositioning.code.tex
File: tikzlibrarypositioning.code.tex 2025-08-29 v3.1.11a (3.1.11a)
)
(C:\Users\TJI\AppData\Local\Programs\MiKTeX\tex/generic/pgf/frontendlayer/tikz/
libraries\tikzlibrarycalc.code.tex
File: tikzlibrarycalc.code.tex 2025-08-29 v3.1.11a (3.1.11a)
)
(C:\Users\TJI\AppData\Local\Programs\MiKTeX\tex/latex/ragged2e\ragged2e.sty
Package: ragged2e 2023/06/22 v3.6 ragged2e Package
\CenteringLeftskip=\skip70
\RaggedLeftLeftskip=\skip71
\RaggedRightLeftskip=\skip72
\CenteringRightskip=\skip73
\RaggedLeftRightskip=\skip74
\RaggedRightRightskip=\skip75
\CenteringParfillskip=\skip76
\RaggedLeftParfillskip=\skip77
\RaggedRightParfillskip=\skip78
\JustifyingParfillskip=\skip79
\CenteringParindent=\skip80
\RaggedLeftParindent=\skip81
\RaggedRightParindent=\skip82
\JustifyingParindent=\skip83
)
\TutorialGap=\skip84
\SectionGap=\skip85

(C:\Users\TJI\AppData\Local\Programs\MiKTeX\tex/latex/l3backend\l3backend-pdfte
x.def
File: l3backend-pdftex.def 2025-10-09 L3 backend support: PDF output (pdfTeX)
\l__color_backend_stack_int=\count372
) (main_untuk Admin.aux)
\openout1 = `"main_untuk Admin.aux"'.

LaTeX Font Info:    Checking defaults for OML/cmm/m/it on input line 414.
LaTeX Font Info:    ... okay on input line 414.
LaTeX Font Info:    Checking defaults for OMS/cmsy/m/n on input line 414.
LaTeX Font Info:    ... okay on input line 414.
LaTeX Font Info:    Checking defaults for OT1/cmr/m/n on input line 414.
LaTeX Font Info:    ... okay on input line 414.
LaTeX Font Info:    Checking defaults for T1/cmr/m/n on input line 414.
LaTeX Font Info:    ... okay on input line 414.
LaTeX Font Info:    Checking defaults for TS1/cmr/m/n on input line 414.
LaTeX Font Info:    ... okay on input line 414.
LaTeX Font Info:    Checking defaults for OMX/cmex/m/n on input line 414.
LaTeX Font Info:    ... okay on input line 414.
LaTeX Font Info:    Checking defaults for U/cmr/m/n on input line 414.
LaTeX Font Info:    ... okay on input line 414.
LaTeX Font Info:    Checking defaults for PD1/pdf/m/n on input line 414.
LaTeX Font Info:    ... okay on input line 414.
LaTeX Font Info:    Checking defaults for PU/pdf/m/n on input line 414.
LaTeX Font Info:    ... okay on input line 414.

*geometry* driver: auto-detecting
*geometry* detected driver: pdftex
*geometry* verbose mode - [ preamble ] result:
* driver: pdftex
* paper: custom
* layout: <same size as paper>
* layoutoffset:(h,v)=(0.0pt,0.0pt)
* modes: includehead includefoot 
* h-part:(L,W,R)=(28.45274pt, 1099.4145pt, 28.45274pt)
* v-part:(T,H,B)=(0.0pt, 542.025pt, 0.0pt)
* \paperwidth=1156.31999pt
* \paperheight=542.025pt
* \textwidth=1099.4145pt
* \textheight=513.57227pt
* \oddsidemargin=-43.81725pt
* \evensidemargin=-43.81725pt
* \topmargin=-72.26999pt
* \headheight=14.22636pt
* \headsep=0.0pt
* \topskip=14.0pt
* \footskip=14.22636pt
* \marginparwidth=4.0pt
* \marginparsep=10.0pt
* \columnsep=10.0pt
* \skip\footins=12.0pt plus 4.0pt minus 2.0pt
* \hoffset=0.0pt
* \voffset=0.0pt
* \mag=1000
* \@twocolumnfalse
* \@twosidefalse
* \@mparswitchfalse
* \@reversemarginfalse
* (1in=72.27pt=25.4mm, 1cm=28.453pt)


(C:\Users\TJI\AppData\Local\Programs\MiKTeX\tex/context/base/mkii\supp-pdf.mkii
[Loading MPS to PDF converter (version 2006.09.02).]
\scratchcounter=\count373
\scratchdimen=\dimen330
\scratchbox=\box85
\nofMPsegments=\count374
\nofMParguments=\count375
\everyMPshowfont=\toks50
\MPscratchCnt=\count376
\MPscratchDim=\dimen331
\MPnumerator=\count377
\makeMPintoPDFobject=\count378
\everyMPtoPDFconversion=\toks51
)
(C:\Users\TJI\AppData\Local\Programs\MiKTeX\tex/latex/epstopdf-pkg\epstopdf-bas
e.sty
Package: epstopdf-base 2020-01-24 v2.11 Base part for package epstopdf
Package epstopdf-base Info: Redefining graphics rule for `.eps' on input line 4
85.

(C:\Users\TJI\AppData\Local\Programs\MiKTeX\tex/latex/00miktex\epstopdf-sys.cfg
File: epstopdf-sys.cfg 2021/03/18 v2.0 Configuration of epstopdf for MiKTeX
))
Package hyperref Info: Link coloring OFF on input line 414.
 (main_untuk Admin.out) (main_untuk Admin.out)
\@outlinefile=\write5
\openout5 = `"main_untuk Admin.out"'.

LaTeX Font Info:    Overwriting symbol font `operators' in version `normal'
(Font)                  OT1/cmr/m/n --> OT1/cmss/m/n on input line 414.
LaTeX Font Info:    Overwriting symbol font `operators' in version `bold'
(Font)                  OT1/cmr/bx/n --> OT1/cmss/b/n on input line 414.
\symnumbers=\mathgroup6
\sympureletters=\mathgroup7
LaTeX Font Info:    Overwriting math alphabet `\mathrm' in version `normal'
(Font)                  OT1/cmss/m/n --> OT1/cmr/m/n on input line 414.
LaTeX Font Info:    Redeclaring math alphabet \mathbf on input line 414.
LaTeX Font Info:    Overwriting math alphabet `\mathbf' in version `normal'
(Font)                  OT1/cmr/bx/n --> OT1/cmss/b/n on input line 414.
LaTeX Font Info:    Overwriting math alphabet `\mathbf' in version `bold'
(Font)                  OT1/cmr/bx/n --> OT1/cmss/b/n on input line 414.
LaTeX Font Info:    Redeclaring math alphabet \mathsf on input line 414.
LaTeX Font Info:    Overwriting math alphabet `\mathsf' in version `normal'
(Font)                  OT1/cmss/m/n --> OT1/cmss/m/n on input line 414.
LaTeX Font Info:    Overwriting math alphabet `\mathsf' in version `bold'
(Font)                  OT1/cmss/bx/n --> OT1/cmss/m/n on input line 414.
LaTeX Font Info:    Redeclaring math alphabet \mathit on input line 414.
LaTeX Font Info:    Overwriting math alphabet `\mathit' in version `normal'
(Font)                  OT1/cmr/m/it --> OT1/cmss/m/it on input line 414.
LaTeX Font Info:    Overwriting math alphabet `\mathit' in version `bold'
(Font)                  OT1/cmr/bx/it --> OT1/cmss/m/it on input line 414.
LaTeX Font Info:    Redeclaring math alphabet \mathtt on input line 414.
LaTeX Font Info:    Overwriting math alphabet `\mathtt' in version `normal'
(Font)                  OT1/cmtt/m/n --> OT1/cmtt/m/n on input line 414.
LaTeX Font Info:    Overwriting math alphabet `\mathtt' in version `bold'
(Font)                  OT1/cmtt/m/n --> OT1/cmtt/m/n on input line 414.
LaTeX Font Info:    Overwriting symbol font `numbers' in version `bold'
(Font)                  OT1/cmss/m/n --> OT1/cmss/b/n on input line 414.
LaTeX Font Info:    Overwriting symbol font `pureletters' in version `bold'
(Font)                  OT1/cmss/m/it --> OT1/cmss/b/it on input line 414.
LaTeX Font Info:    Overwriting math alphabet `\mathrm' in version `bold'
(Font)                  OT1/cmss/b/n --> OT1/cmr/b/n on input line 414.
LaTeX Font Info:    Overwriting math alphabet `\mathbf' in version `bold'
(Font)                  OT1/cmss/b/n --> OT1/cmss/b/n on input line 414.
LaTeX Font Info:    Overwriting math alphabet `\mathsf' in version `bold'
(Font)                  OT1/cmss/m/n --> OT1/cmss/b/n on input line 414.
LaTeX Font Info:    Overwriting math alphabet `\mathit' in version `bold'
(Font)                  OT1/cmss/m/it --> OT1/cmss/b/it on input line 414.
LaTeX Font Info:    Overwriting math alphabet `\mathtt' in version `bold'
(Font)                  OT1/cmtt/m/n --> OT1/cmtt/b/n on input line 414.
LaTeX Font Info:    Redeclaring symbol font `pureletters' on input line 414.
LaTeX Font Info:    Overwriting symbol font `pureletters' in version `normal'
(Font)                  OT1/cmss/m/it --> OT1/mathkerncmss/m/sl on input line 4
14.
LaTeX Font Info:    Overwriting symbol font `pureletters' in version `bold'
(Font)                  OT1/cmss/b/it --> OT1/mathkerncmss/m/sl on input line 4
14.
LaTeX Font Info:    Overwriting symbol font `pureletters' in version `bold'
(Font)                  OT1/mathkerncmss/m/sl --> OT1/mathkerncmss/bx/sl on inp
ut line 414.

(C:\Users\TJI\AppData\Local\Programs\MiKTeX\tex/latex/translator\translator-bas
ic-dictionary-English.dict
Dictionary: translator-basic-dictionary, Language: English 
)
(C:\Users\TJI\AppData\Local\Programs\MiKTeX\tex/latex/translator\translator-bib
liography-dictionary-English.dict
Dictionary: translator-bibliography-dictionary, Language: English 
)
(C:\Users\TJI\AppData\Local\Programs\MiKTeX\tex/latex/translator\translator-env
ironment-dictionary-English.dict
Dictionary: translator-environment-dictionary, Language: English 
)
(C:\Users\TJI\AppData\Local\Programs\MiKTeX\tex/latex/translator\translator-mon
ths-dictionary-English.dict
Dictionary: translator-months-dictionary, Language: English 
)
(C:\Users\TJI\AppData\Local\Programs\MiKTeX\tex/latex/translator\translator-num
bers-dictionary-English.dict
Dictionary: translator-numbers-dictionary, Language: English 
)
(C:\Users\TJI\AppData\Local\Programs\MiKTeX\tex/latex/translator\translator-the
orem-dictionary-English.dict
Dictionary: translator-theorem-dictionary, Language: English 
) (main_untuk Admin.nav)
Overfull \hbox (6.37508pt too wide) in paragraph at lines 414--414
[][][][]  
 []


! Package PGF Math Error: Unknown function `north' (in 'north east ').

See the PGF Math package documentation for explanation.
Type  H <return>  for immediate help.
 ...                                              
                                                  
l.590 \end{frame}
                 
This error message was generated by an \errmessage
command, so I can't give any explicit help.
Pretend that you're Hercule Poirot: Examine all clues,
and deduce the truth by order and method.

<images/logo-tji-removebg-preview.png, id=12, 767.86874pt x 327.2225pt>
File: images/logo-tji-removebg-preview.png Graphic file (type png)
<use images/logo-tji-removebg-preview.png>
Package pdftex.def Info: images/logo-tji-removebg-preview.png  used on input li
ne 590.
(pdftex.def)             Requested size: 270.30118pt x 115.18866pt.

LaTeX Font Warning: Font shape `OT1/cmss/bx/sc' undefined
(Font)              using `OT1/cmss/bx/n' instead on input line 590.


LaTeX Font Warning: Font shape `OT1/cmss/m/n' in size <34> not available
(Font)              size <35.83> substituted on input line 590.


LaTeX Font Warning: Font shape `OT1/cmss/bx/n' in size <34> not available
(Font)              size <35.83> substituted on input line 590.


LaTeX Font Warning: Font shape `OT1/cmss/m/n' in size <18> not available
(Font)              size <17.28> substituted on input line 590.


LaTeX Font Warning: Font shape `OT1/cmss/m/it' in size <18> not available
(Font)              size <17.28> substituted on input line 590.


LaTeX Font Warning: Font shape `OT1/cmss/m/n' in size <15> not available
(Font)              size <14.4> substituted on input line 590.

LaTeX Font Info:    Trying to load font information for OMS+cmss on input line 
590.
LaTeX Font Info:    No file OMScmss.fd. on input line 590.

LaTeX Font Warning: Font shape `OMS/cmss/m/n' undefined
(Font)              using `OMS/cmsy/m/n' instead
(Font)              for symbol `textbar' on input line 590.

[1

{C:/Users/TJI/AppData/Local/MiKTeX/fonts/map/pdftex/pdftex.map} <./images/logo-
tji-removebg-preview.png>]
Overfull \hbox (6.37508pt too wide) in paragraph at lines 671--671
[][][][]  
 []


LaTeX Font Warning: Font shape `OT1/cmss/m/n' in size <20> not available
(Font)              size <20.74> substituted on input line 671.


LaTeX Font Warning: Font shape `OT1/cmss/bx/n' in size <20> not available
(Font)              size <20.74> substituted on input line 671.

LaTeX Font Info:    Trying to load font information for U+msa on input line 671
.
(C:\Users\TJI\AppData\Local\Programs\MiKTeX\tex/latex/amsfonts\umsa.fd
File: umsa.fd 2013/01/14 v3.01 AMS symbols A
)
LaTeX Font Info:    Trying to load font information for U+msb on input line 671
.

(C:\Users\TJI\AppData\Local\Programs\MiKTeX\tex/latex/amsfonts\umsb.fd
File: umsb.fd 2013/01/14 v3.01 AMS symbols B
)
LaTeX Font Info:    Trying to load font information for OT1+mathkerncmss on inp
ut line 671.

(C:\Users\TJI\AppData\Local\Programs\MiKTeX\tex/latex/sansmathaccent\ot1mathker
ncmss.fd
File: ot1mathkerncmss.fd 2020/01/31 Fontinst v1.933 font definitions for OT1/ma
thkerncmss.
)

LaTeX Font Warning: Font shape `OT1/cmss/m/n' in size <16.5> not available
(Font)              size <17.28> substituted on input line 671.


! LaTeX Error: There's no line here to end.

See the LaTeX manual or LaTeX Companion for explanation.
Type  H <return>  for immediate help.
 ...                                              
                                                  
l.671 \end{frame}
                 
Your command was ignored.
Type  I <command> <return>  to replace it with another command,
or  <return>  to continue without it.


LaTeX Font Warning: Font shape `OT1/cmss/m/n' in size <15.5> not available
(Font)              size <14.4> substituted on input line 671.


Overfull \hbox (0.99998pt too wide) in paragraph at lines 671--671
[][] 
 []


Overfull \hbox (6.37508pt too wide) has occurred while \output is active
[][][][] 
 []

[2

]
Overfull \hbox (6.37508pt too wide) in paragraph at lines 769--769
[][][][]  
 []


Overfull \hbox (0.14168pt too wide) in paragraph at lines 769--769
 [] 
 []


LaTeX Font Warning: Font shape `OT1/cmss/m/n' in size <13> not available
(Font)              size <12> substituted on input line 769.


LaTeX Font Warning: Font shape `OT1/cmss/bx/n' in size <13> not available
(Font)              size <12> substituted on input line 769.

LaTeX Font Info:    Calculating math sizes for size <13> on input line 769.

LaTeX Font Warning: Font shape `OT1/cmss/m/n' in size <6.5> not available
(Font)              size <6> substituted on input line 769.


LaTeX Font Warning: Font shape `OML/cmm/m/it' in size <13> not available
(Font)              size <12> substituted on input line 769.


LaTeX Font Warning: Font shape `OML/cmm/m/it' in size <6.5> not available
(Font)              size <6> substituted on input line 769.


LaTeX Font Warning: Font shape `OMS/cmsy/m/n' in size <13> not available
(Font)              size <12> substituted on input line 769.


LaTeX Font Warning: Font shape `OMS/cmsy/m/n' in size <6.5> not available
(Font)              size <6> substituted on input line 769.


Overfull \hbox (6.37508pt too wide) has occurred while \output is active
[][][][] 
 []

[3

]
Overfull \hbox (6.37508pt too wide) in paragraph at lines 868--868
[][][][]  
 []


Overfull \hbox (6.37508pt too wide) has occurred while \output is active
[][][][] 
 []

[4

]
Overfull \hbox (6.37508pt too wide) in paragraph at lines 952--952
[][][][]  
 []


Overfull \hbox (6.37508pt too wide) has occurred while \output is active
[][][][] 
 []

[5

]
Overfull \hbox (6.37508pt too wide) in paragraph at lines 1064--1064
[][][][]  
 []

<images/Login/login1.png, id=48, 1784.6675pt x 1814.78pt>
File: images/Login/login1.png Graphic file (type png)
<use images/Login/login1.png>
Package pdftex.def Info: images/Login/login1.png  used on input line 1064.
(pdftex.def)             Requested size: 514.52202pt x 523.19899pt.

LaTeX Font Warning: Font shape `OT1/cmss/bx/n' in size <16.5> not available
(Font)              size <17.28> substituted on input line 1064.

LaTeX Font Info:    Font shape `OT1/cmtt/bx/n' in size <16.5> not available
(Font)              Font shape `OT1/cmtt/m/n' tried instead on input line 1064.


LaTeX Font Warning: Font shape `OT1/cmtt/m/n' in size <16.5> not available
(Font)              size <17.28> substituted on input line 1064.

LaTeX Font Info:    Font shape `OT1/cmtt/bx/n' in size <12> not available
(Font)              Font shape `OT1/cmtt/m/n' tried instead on input line 1064.


Overfull \hbox (0.99998pt too wide) in paragraph at lines 1064--1064
[][]  
 []


LaTeX Font Warning: Font shape `OT1/cmss/m/n' in size <16> not available
(Font)              size <17.28> substituted on input line 1064.


LaTeX Font Warning: Font shape `OT1/cmss/bx/n' in size <16> not available
(Font)              size <17.28> substituted on input line 1064.


! LaTeX Error: There's no line here to end.

See the LaTeX manual or LaTeX Companion for explanation.
Type  H <return>  for immediate help.
 ...                                              
                                                  
l.1064 \end{frame}
                  
Your command was ignored.
Type  I <command> <return>  to replace it with another command,
or  <return>  to continue without it.


Overfull \hbox (0.99998pt too wide) in paragraph at lines 1064--1064
[][] 
 []


Overfull \vbox (90.46118pt too high) detected at line 1064
 []


Overfull \hbox (6.37508pt too wide) has occurred while \output is active
[][][][] 
 []

[6

 <./images/Login/login1.png>]
<images/Login/login2.png, id=56, 1794.705pt x 1814.78pt>
File: images/Login/login2.png Graphic file (type png)
<use images/Login/login2.png>
Package pdftex.def Info: images/Login/login2.png  used on input line 1064.
(pdftex.def)             Requested size: 514.52202pt x 520.26372pt.


LaTeX Font Warning: Font shape `OT1/cmtt/m/n' in size <16> not available
(Font)              size <17.28> substituted on input line 1064.


Overfull \hbox (0.99998pt too wide) in paragraph at lines 1064--1064
[][]  
 []


! LaTeX Error: There's no line here to end.

See the LaTeX manual or LaTeX Companion for explanation.
Type  H <return>  for immediate help.
 ...                                              
                                                  
l.1064 \end{frame}
                  
Your command was ignored.
Type  I <command> <return>  to replace it with another command,
or  <return>  to continue without it.


Overfull \hbox (0.99998pt too wide) in paragraph at lines 1064--1064
[][] 
 []


Overfull \vbox (87.52591pt too high) detected at line 1064
 []


Overfull \hbox (6.37508pt too wide) has occurred while \output is active
[][][][] 
 []

[7

 <./images/Login/login2.png>]
<images/Login/login3.png, id=64, 1794.705pt x 1814.78pt>
File: images/Login/login3.png Graphic file (type png)
<use images/Login/login3.png>
Package pdftex.def Info: images/Login/login3.png  used on input line 1064.
(pdftex.def)             Requested size: 514.52202pt x 520.26372pt.

Overfull \hbox (0.99998pt too wide) in paragraph at lines 1064--1064
[][]  
 []


! LaTeX Error: There's no line here to end.

See the LaTeX manual or LaTeX Companion for explanation.
Type  H <return>  for immediate help.
 ...                                              
                                                  
l.1064 \end{frame}
                  
Your command was ignored.
Type  I <command> <return>  to replace it with another command,
or  <return>  to continue without it.


Overfull \hbox (0.99998pt too wide) in paragraph at lines 1064--1064
[][] 
 []


Overfull \vbox (87.52591pt too high) detected at line 1064
 []


Overfull \hbox (6.37508pt too wide) has occurred while \output is active
[][][][] 
 []

[8

 <./images/Login/login3.png>]
File: images/Login/login3.png Graphic file (type png)
<use images/Login/login3.png>
Package pdftex.def Info: images/Login/login3.png  used on input line 1064.
(pdftex.def)             Requested size: 514.52202pt x 520.26372pt.

Overfull \hbox (0.99998pt too wide) in paragraph at lines 1064--1064
[][]  
 []


! LaTeX Error: There's no line here to end.

See the LaTeX manual or LaTeX Companion for explanation.
Type  H <return>  for immediate help.
 ...                                              
                                                  
l.1064 \end{frame}
                  
Your command was ignored.
Type  I <command> <return>  to replace it with another command,
or  <return>  to continue without it.


Overfull \hbox (0.99998pt too wide) in paragraph at lines 1064--1064
[][] 
 []


Overfull \vbox (87.52591pt too high) detected at line 1064
 []


Overfull \hbox (6.37508pt too wide) has occurred while \output is active
[][][][] 
 []

[9

]
Overfull \hbox (6.37508pt too wide) in paragraph at lines 1178--1178
[][][][]  
 []

<images/Dashboard/Dashboard1.png, id=76, 1529.715pt x 1043.9pt>
File: images/Dashboard/Dashboard1.png Graphic file (type png)
<use images/Dashboard/Dashboard1.png>
Package pdftex.def Info: images/Dashboard/Dashboard1.png  used on input line 11
78.
(pdftex.def)             Requested size: 571.69235pt x 390.12354pt.

Overfull \hbox (0.99998pt too wide) in paragraph at lines 1178--1178
[][]  
 []


! LaTeX Error: There's no line here to end.

See the LaTeX manual or LaTeX Companion for explanation.
Type  H <return>  for immediate help.
 ...                                              
                                                  
l.1178 \end{frame}
                  
Your command was ignored.
Type  I <command> <return>  to replace it with another command,
or  <return>  to continue without it.


LaTeX Font Warning: Font shape `OT1/cmss/m/it' in size <15.5> not available
(Font)              size <14.4> substituted on input line 1178.


Overfull \hbox (0.99998pt too wide) in paragraph at lines 1178--1178
[][] 
 []


Overfull \hbox (6.37508pt too wide) has occurred while \output is active
[][][][] 
 []

[10

 <./images/Dashboard/Dashboard1.png>]
<images/Dashboard/Dashboard2.png, id=84, 1529.715pt x 1043.9pt>
File: images/Dashboard/Dashboard2.png Graphic file (type png)
<use images/Dashboard/Dashboard2.png>
Package pdftex.def Info: images/Dashboard/Dashboard2.png  used on input line 11
78.
(pdftex.def)             Requested size: 571.69235pt x 390.12354pt.

Overfull \hbox (0.99998pt too wide) in paragraph at lines 1178--1178
[][]  
 []


! LaTeX Error: There's no line here to end.

See the LaTeX manual or LaTeX Companion for explanation.
Type  H <return>  for immediate help.
 ...                                              
                                                  
l.1178 \end{frame}
                  
Your command was ignored.
Type  I <command> <return>  to replace it with another command,
or  <return>  to continue without it.


Overfull \hbox (0.99998pt too wide) in paragraph at lines 1178--1178
[][] 
 []


Overfull \hbox (6.37508pt too wide) has occurred while \output is active
[][][][] 
 []

[11

 <./images/Dashboard/Dashboard2.png>]
<images/Dashboard/Dashboard3.png, id=91, 1529.715pt x 1043.9pt>
File: images/Dashboard/Dashboard3.png Graphic file (type png)
<use images/Dashboard/Dashboard3.png>
Package pdftex.def Info: images/Dashboard/Dashboard3.png  used on input line 11
78.
(pdftex.def)             Requested size: 571.69235pt x 390.12354pt.

Overfull \hbox (0.99998pt too wide) in paragraph at lines 1178--1178
[][]  
 []


! LaTeX Error: There's no line here to end.

See the LaTeX manual or LaTeX Companion for explanation.
Type  H <return>  for immediate help.
 ...                                              
                                                  
l.1178 \end{frame}
                  
Your command was ignored.
Type  I <command> <return>  to replace it with another command,
or  <return>  to continue without it.


Overfull \hbox (0.99998pt too wide) in paragraph at lines 1178--1178
[][] 
 []


Overfull \hbox (6.37508pt too wide) has occurred while \output is active
[][][][] 
 []

[12

 <./images/Dashboard/Dashboard3.png>]
<images/Dashboard/Dashboard4.png, id=98, 1316.92pt x 1043.9pt>
File: images/Dashboard/Dashboard4.png Graphic file (type png)
<use images/Dashboard/Dashboard4.png>
Package pdftex.def Info: images/Dashboard/Dashboard4.png  used on input line 11
78.
(pdftex.def)             Requested size: 514.52202pt x 407.85208pt.

Overfull \hbox (0.99998pt too wide) in paragraph at lines 1178--1178
[][]  
 []


! LaTeX Error: There's no line here to end.

See the LaTeX manual or LaTeX Companion for explanation.
Type  H <return>  for immediate help.
 ...                                              
                                                  
l.1178 \end{frame}
                  
Your command was ignored.
Type  I <command> <return>  to replace it with another command,
or  <return>  to continue without it.


Overfull \hbox (0.99998pt too wide) in paragraph at lines 1178--1178
[][] 
 []


Overfull \hbox (6.37508pt too wide) has occurred while \output is active
[][][][] 
 []

[13

 <./images/Dashboard/Dashboard4.png>]
Overfull \hbox (6.37508pt too wide) in paragraph at lines 1358--1358
[][][][]  
 []


! LaTeX Error: There's no line here to end.

See the LaTeX manual or LaTeX Companion for explanation.
Type  H <return>  for immediate help.
 ...                                              
                                                  
l.1358 \end{frame}
                  
Your command was ignored.
Type  I <command> <return>  to replace it with another command,
or  <return>  to continue without it.


Overfull \hbox (0.99998pt too wide) in paragraph at lines 1358--1358
[][] 
 []


Overfull \hbox (6.37508pt too wide) has occurred while \output is active
[][][][] 
 []

[14

]

! LaTeX Error: There's no line here to end.

See the LaTeX manual or LaTeX Companion for explanation.
Type  H <return>  for immediate help.
 ...                                              
                                                  
l.1358 \end{frame}
                  
Your command was ignored.
Type  I <command> <return>  to replace it with another command,
or  <return>  to continue without it.


Overfull \hbox (0.99998pt too wide) in paragraph at lines 1358--1358
[][] 
 []


Overfull \hbox (6.37508pt too wide) has occurred while \output is active
[][][][] 
 []

[15

]

! LaTeX Error: There's no line here to end.

See the LaTeX manual or LaTeX Companion for explanation.
Type  H <return>  for immediate help.
 ...                                              
                                                  
l.1358 \end{frame}
                  
Your command was ignored.
Type  I <command> <return>  to replace it with another command,
or  <return>  to continue without it.


Overfull \hbox (0.99998pt too wide) in paragraph at lines 1358--1358
[][] 
 []


Overfull \hbox (6.37508pt too wide) has occurred while \output is active
[][][][] 
 []

[16

]

! LaTeX Error: There's no line here to end.

See the LaTeX manual or LaTeX Companion for explanation.
Type  H <return>  for immediate help.
 ...                                              
                                                  
l.1358 \end{frame}
                  
Your command was ignored.
Type  I <command> <return>  to replace it with another command,
or  <return>  to continue without it.


Overfull \hbox (0.99998pt too wide) in paragraph at lines 1358--1358
[][] 
 []


Overfull \hbox (6.37508pt too wide) has occurred while \output is active
[][][][] 
 []

[17

]

! LaTeX Error: There's no line here to end.

See the LaTeX manual or LaTeX Companion for explanation.
Type  H <return>  for immediate help.
 ...                                              
                                                  
l.1358 \end{frame}
                  
Your command was ignored.
Type  I <command> <return>  to replace it with another command,
or  <return>  to continue without it.


Overfull \hbox (0.99998pt too wide) in paragraph at lines 1358--1358
[][] 
 []


Overfull \hbox (6.37508pt too wide) has occurred while \output is active
[][][][] 
 []

[18

]
Overfull \hbox (6.37508pt too wide) in paragraph at lines 1623--1623
[][][][]  
 []

<images/Request/Request.png, id=131, 329.73187pt x 341.77687pt>
File: images/Request/Request.png Graphic file (type png)
<use images/Request/Request.png>
Package pdftex.def Info: images/Request/Request.png  used on input line 1623.
(pdftex.def)             Requested size: 357.30635pt x 370.37035pt.

Overfull \hbox (0.99998pt too wide) in paragraph at lines 1623--1623
[][]  
 []

LaTeX Font Info:    Calculating math sizes for size <16> on input line 1623.

LaTeX Font Warning: Font shape `OML/cmm/m/it' in size <16> not available
(Font)              size <17.28> substituted on input line 1623.


LaTeX Font Warning: Font shape `OMS/cmsy/m/n' in size <16> not available
(Font)              size <17.28> substituted on input line 1623.


Overfull \hbox (6.37508pt too wide) has occurred while \output is active
[][][][] 
 []

[19

 <./images/Request/Request.png>]
<images/Request/Request2.png, id=139, 328.22626pt x 257.46187pt>
File: images/Request/Request2.png Graphic file (type png)
<use images/Request/Request2.png>
Package pdftex.def Info: images/Request/Request2.png  used on input line 1623.
(pdftex.def)             Requested size: 571.69235pt x 448.4868pt.

Overfull \hbox (0.99998pt too wide) in paragraph at lines 1623--1623
[][]  
 []


Overfull \vbox (15.749pt too high) detected at line 1623
 []


Overfull \hbox (6.37508pt too wide) has occurred while \output is active
[][][][] 
 []

[20

 <./images/Request/Request2.png>]
<images/Request/Request3.png, id=146, 1527.7075pt x 1043.9pt>
File: images/Request/Request3.png Graphic file (type png)
<use images/Request/Request3.png>
Package pdftex.def Info: images/Request/Request3.png  used on input line 1623.
(pdftex.def)             Requested size: 571.69235pt x 390.63324pt.

Overfull \hbox (0.99998pt too wide) in paragraph at lines 1623--1623
[][]  
 []


Overfull \hbox (6.37508pt too wide) has occurred while \output is active
[][][][] 
 []

[21

 <./images/Request/Request3.png>]
<images/Request/Request4.png, id=153, 1527.7075pt x 1043.9pt>
File: images/Request/Request4.png Graphic file (type png)
<use images/Request/Request4.png>
Package pdftex.def Info: images/Request/Request4.png  used on input line 1623.
(pdftex.def)             Requested size: 571.69235pt x 390.63324pt.

Overfull \hbox (0.99998pt too wide) in paragraph at lines 1623--1623
[][]  
 []


Overfull \hbox (6.37508pt too wide) has occurred while \output is active
[][][][] 
 []

[22

 <./images/Request/Request4.png>]
<images/Request/Request5.png, id=160, 1527.7075pt x 1043.9pt>
File: images/Request/Request5.png Graphic file (type png)
<use images/Request/Request5.png>
Package pdftex.def Info: images/Request/Request5.png  used on input line 1623.
(pdftex.def)             Requested size: 571.69235pt x 390.63324pt.

Overfull \hbox (0.99998pt too wide) in paragraph at lines 1623--1623
[][]  
 []


Overfull \hbox (6.37508pt too wide) has occurred while \output is active
[][][][] 
 []

[23

 <./images/Request/Request5.png>]
<images/Request/Request7.png, id=167, 1527.7075pt x 1043.9pt>
File: images/Request/Request7.png Graphic file (type png)
<use images/Request/Request7.png>
Package pdftex.def Info: images/Request/Request7.png  used on input line 1623.
(pdftex.def)             Requested size: 571.69235pt x 390.63324pt.
LaTeX Font Info:    Calculating math sizes for size <16.5> on input line 1623.


LaTeX Font Warning: Font shape `OT1/cmss/m/n' in size <11.54994> not available
(Font)              size <12> substituted on input line 1623.


LaTeX Font Warning: Font shape `OML/cmm/m/it' in size <16.5> not available
(Font)              size <17.28> substituted on input line 1623.


LaTeX Font Warning: Font shape `OML/cmm/m/it' in size <11.54994> not available
(Font)              size <12> substituted on input line 1623.


LaTeX Font Warning: Font shape `OMS/cmsy/m/n' in size <16.5> not available
(Font)              size <17.28> substituted on input line 1623.


LaTeX Font Warning: Font shape `OMS/cmsy/m/n' in size <11.54994> not available
(Font)              size <12> substituted on input line 1623.


Overfull \hbox (0.99998pt too wide) in paragraph at lines 1623--1623
[][]  
 []


Overfull \hbox (6.37508pt too wide) has occurred while \output is active
[][][][] 
 []

[24

 <./images/Request/Request7.png>]
<images/Request/Request8.png, id=174, 1527.7075pt x 1043.9pt>
File: images/Request/Request8.png Graphic file (type png)
<use images/Request/Request8.png>
Package pdftex.def Info: images/Request/Request8.png  used on input line 1623.
(pdftex.def)             Requested size: 571.69235pt x 390.63324pt.

Underfull \hbox (badness 1412) in paragraph at lines 1623--1623
[][][]\OT1/cmss/bx/n/17.28 7.[]   [][]*[] Khusus item barang clean-ing 
 []


Overfull \hbox (0.99998pt too wide) in paragraph at lines 1623--1623
[][]  
 []


Overfull \hbox (6.37508pt too wide) has occurred while \output is active
[][][][] 
 []

[25

 <./images/Request/Request8.png>]
<images/Request/Request9.png, id=182, 1527.7075pt x 1043.9pt>
File: images/Request/Request9.png Graphic file (type png)
<use images/Request/Request9.png>
Package pdftex.def Info: images/Request/Request9.png  used on input line 1623.
(pdftex.def)             Requested size: 571.69235pt x 390.63324pt.

Overfull \hbox (0.99998pt too wide) in paragraph at lines 1623--1623
[][]  
 []


Overfull \hbox (6.37508pt too wide) has occurred while \output is active
[][][][] 
 []

[26

 <./images/Request/Request9.png>]
<images/Request/Request10.png, id=189, 1527.7075pt x 1043.9pt>
File: images/Request/Request10.png Graphic file (type png)
<use images/Request/Request10.png>
Package pdftex.def Info: images/Request/Request10.png  used on input line 1623.

(pdftex.def)             Requested size: 571.69235pt x 390.63324pt.

Overfull \hbox (0.99998pt too wide) in paragraph at lines 1623--1623
[][]  
 []


Overfull \hbox (6.37508pt too wide) has occurred while \output is active
[][][][] 
 []

[27

 <./images/Request/Request10.png>]
<images/Request/Request11.png, id=196, 331.99031pt x 227.34938pt>
File: images/Request/Request11.png Graphic file (type png)
<use images/Request/Request11.png>
Package pdftex.def Info: images/Request/Request11.png  used on input line 1623.

(pdftex.def)             Requested size: 571.69235pt x 391.55713pt.

Overfull \hbox (0.99998pt too wide) in paragraph at lines 1623--1623
[][]  
 []


Overfull \hbox (6.37508pt too wide) has occurred while \output is active
[][][][] 
 []

[28

 <./images/Request/Request11.png>]
Overfull \hbox (6.37508pt too wide) in paragraph at lines 1765--1765
[][][][]  
 []

<images/PostRequest/Request10.png, id=203, 329.73187pt x 226.59656pt>
File: images/PostRequest/Request10.png Graphic file (type png)
<use images/PostRequest/Request10.png>
Package pdftex.def Info: images/PostRequest/Request10.png  used on input line 1
765.
(pdftex.def)             Requested size: 571.69235pt x 392.92635pt.

! Package PGF Math Error: Unknown function `Xcm' (in 'Xcm').

See the PGF Math package documentation for explanation.
Type  H <return>  for immediate help.
 ...                                              
                                                  
l.1765 \end{frame}
                  
(That was another \errmessage.)


! Package PGF Math Error: Unknown function `Ycm' (in 'Ycm').

See the PGF Math package documentation for explanation.
Type  H <return>  for immediate help.
 ...                                              
                                                  
l.1765 \end{frame}
                  
(That was another \errmessage.)


! Package PGF Math Error: Unknown function `Xcm' (in 'Xcm').

See the PGF Math package documentation for explanation.
Type  H <return>  for immediate help.
 ...                                              
                                                  
l.1765 \end{frame}
                  
(That was another \errmessage.)


! Package PGF Math Error: Unknown function `Ycm' (in 'Ycm').

See the PGF Math package documentation for explanation.
Type  H <return>  for immediate help.
 ...                                              
                                                  
l.1765 \end{frame}
                  
(That was another \errmessage.)


! Package PGF Math Error: Unknown function `Xcm' (in 'Xcm+Widthcm').

See the PGF Math package documentation for explanation.
Type  H <return>  for immediate help.
 ...                                              
                                                  
l.1765 \end{frame}
                  
(That was another \errmessage.)


! Package PGF Math Error: Unknown function `Ycm' (in 'Ycm+Heightcm').

See the PGF Math package documentation for explanation.
Type  H <return>  for immediate help.
 ...                                              
                                                  
l.1765 \end{frame}
                  
(That was another \errmessage.)


! Package PGF Math Error: Unknown function `Xcm' (in 'Xcm+Widthcm').

See the PGF Math package documentation for explanation.
Type  H <return>  for immediate help.
 ...                                              
                                                  
l.1765 \end{frame}
                  
(That was another \errmessage.)


! Package PGF Math Error: Unknown function `Ycm' (in 'Ycm+Heightcm').

See the PGF Math package documentation for explanation.
Type  H <return>  for immediate help.
 ...                                              
                                                  
l.1765 \end{frame}
                  
(That was another \errmessage.)


Overfull \hbox (0.99998pt too wide) in paragraph at lines 1765--1765
[][]  
 []


Overfull \hbox (6.37508pt too wide) has occurred while \output is active
[][][][] 
 []

[29

 <./images/PostRequest/Request10.png>]
<images/PostRequest/Request11.png, id=211, 1517.67pt x 1043.9pt>
File: images/PostRequest/Request11.png Graphic file (type png)
<use images/PostRequest/Request11.png>
Package pdftex.def Info: images/PostRequest/Request11.png  used on input line 1
765.
(pdftex.def)             Requested size: 571.69235pt x 393.22961pt.


! Package PGF Math Error: Unknown function `Xcm' (in 'Xcm').

See the PGF Math package documentation for explanation.
Type  H <return>  for immediate help.
 ...                                              
                                                  
l.1765 \end{frame}
                  
(That was another \errmessage.)


! Package PGF Math Error: Unknown function `Ycm' (in 'Ycm').

See the PGF Math package documentation for explanation.
Type  H <return>  for immediate help.
 ...                                              
                                                  
l.1765 \end{frame}
                  
(That was another \errmessage.)


! Package PGF Math Error: Unknown function `Xcm' (in 'Xcm').

See the PGF Math package documentation for explanation.
Type  H <return>  for immediate help.
 ...                                              
                                                  
l.1765 \end{frame}
                  
(That was another \errmessage.)


! Package PGF Math Error: Unknown function `Ycm' (in 'Ycm').

See the PGF Math package documentation for explanation.
Type  H <return>  for immediate help.
 ...                                              
                                                  
l.1765 \end{frame}
                  
(That was another \errmessage.)


! Package PGF Math Error: Unknown function `Xcm' (in 'Xcm+Widthcm').

See the PGF Math package documentation for explanation.
Type  H <return>  for immediate help.
 ...                                              
                                                  
l.1765 \end{frame}
                  
(That was another \errmessage.)


! Package PGF Math Error: Unknown function `Ycm' (in 'Ycm+Heightcm').

See the PGF Math package documentation for explanation.
Type  H <return>  for immediate help.
 ...                                              
                                                  
l.1765 \end{frame}
                  
(That was another \errmessage.)


! Package PGF Math Error: Unknown function `Xcm' (in 'Xcm+Widthcm').

See the PGF Math package documentation for explanation.
Type  H <return>  for immediate help.
 ...                                              
                                                  
l.1765 \end{frame}
                  
(That was another \errmessage.)


! Package PGF Math Error: Unknown function `Ycm' (in 'Ycm+Heightcm').

See the PGF Math package documentation for explanation.
Type  H <return>  for immediate help.
 ...                                              
                                                  
l.1765 \end{frame}
                  
(That was another \errmessage.)


Overfull \hbox (0.99998pt too wide) in paragraph at lines 1765--1765
[][]  
 []


Overfull \hbox (6.37508pt too wide) has occurred while \output is active
[][][][] 
 []

[30

 <./images/PostRequest/Request11.png>]
<images/PostRequest/Request12.png, id=218, 1517.67pt x 1043.9pt>
File: images/PostRequest/Request12.png Graphic file (type png)
<use images/PostRequest/Request12.png>
Package pdftex.def Info: images/PostRequest/Request12.png  used on input line 1
765.
(pdftex.def)             Requested size: 571.69235pt x 393.22961pt.


! Package PGF Math Error: Unknown function `Xcm' (in 'Xcm').

See the PGF Math package documentation for explanation.
Type  H <return>  for immediate help.
 ...                                              
                                                  
l.1765 \end{frame}
                  
(That was another \errmessage.)


! Package PGF Math Error: Unknown function `Ycm' (in 'Ycm').

See the PGF Math package documentation for explanation.
Type  H <return>  for immediate help.
 ...                                              
                                                  
l.1765 \end{frame}
                  
(That was another \errmessage.)


! Package PGF Math Error: Unknown function `Xcm' (in 'Xcm').

See the PGF Math package documentation for explanation.
Type  H <return>  for immediate help.
 ...                                              
                                                  
l.1765 \end{frame}
                  
(That was another \errmessage.)


! Package PGF Math Error: Unknown function `Ycm' (in 'Ycm').

See the PGF Math package documentation for explanation.
Type  H <return>  for immediate help.
 ...                                              
                                                  
l.1765 \end{frame}
                  
(That was another \errmessage.)


! Package PGF Math Error: Unknown function `Xcm' (in 'Xcm+Widthcm').

See the PGF Math package documentation for explanation.
Type  H <return>  for immediate help.
 ...                                              
                                                  
l.1765 \end{frame}
                  
(That was another \errmessage.)


! Package PGF Math Error: Unknown function `Ycm' (in 'Ycm+Heightcm').

See the PGF Math package documentation for explanation.
Type  H <return>  for immediate help.
 ...                                              
                                                  
l.1765 \end{frame}
                  
(That was another \errmessage.)


! Package PGF Math Error: Unknown function `Xcm' (in 'Xcm+Widthcm').

See the PGF Math package documentation for explanation.
Type  H <return>  for immediate help.
 ...                                              
                                                  
l.1765 \end{frame}
                  
(That was another \errmessage.)


! Package PGF Math Error: Unknown function `Ycm' (in 'Ycm+Heightcm').

See the PGF Math package documentation for explanation.
Type  H <return>  for immediate help.
 ...                                              
                                                  
l.1765 \end{frame}
                  
(That was another \errmessage.)


Overfull \hbox (0.99998pt too wide) in paragraph at lines 1765--1765
[][]  
 []


Overfull \hbox (6.37508pt too wide) has occurred while \output is active
[][][][] 
 []

[31

 <./images/PostRequest/Request12.png>]
<images/PostRequest/Request13.png, id=226, 596.98032pt x 386.19281pt>
File: images/PostRequest/Request13.png Graphic file (type png)
<use images/PostRequest/Request13.png>
Package pdftex.def Info: images/PostRequest/Request13.png  used on input line 1
765.
(pdftex.def)             Requested size: 571.69235pt x 369.85695pt.


! Package PGF Math Error: Unknown function `Xcm' (in 'Xcm').

See the PGF Math package documentation for explanation.
Type  H <return>  for immediate help.
 ...                                              
                                                  
l.1765 \end{frame}
                  
(That was another \errmessage.)


! Package PGF Math Error: Unknown function `Ycm' (in 'Ycm').

See the PGF Math package documentation for explanation.
Type  H <return>  for immediate help.
 ...                                              
                                                  
l.1765 \end{frame}
                  
(That was another \errmessage.)


! Package PGF Math Error: Unknown function `Xcm' (in 'Xcm').

See the PGF Math package documentation for explanation.
Type  H <return>  for immediate help.
 ...                                              
                                                  
l.1765 \end{frame}
                  
(That was another \errmessage.)


! Package PGF Math Error: Unknown function `Ycm' (in 'Ycm').

See the PGF Math package documentation for explanation.
Type  H <return>  for immediate help.
 ...                                              
                                                  
l.1765 \end{frame}
                  
(That was another \errmessage.)


! Package PGF Math Error: Unknown function `Xcm' (in 'Xcm+Widthcm').

See the PGF Math package documentation for explanation.
Type  H <return>  for immediate help.
 ...                                              
                                                  
l.1765 \end{frame}
                  
(That was another \errmessage.)


! Package PGF Math Error: Unknown function `Ycm' (in 'Ycm+Heightcm').

See the PGF Math package documentation for explanation.
Type  H <return>  for immediate help.
 ...                                              
                                                  
l.1765 \end{frame}
                  
(That was another \errmessage.)


! Package PGF Math Error: Unknown function `Xcm' (in 'Xcm+Widthcm').

See the PGF Math package documentation for explanation.
Type  H <return>  for immediate help.
 ...                                              
                                                  
l.1765 \end{frame}
                  
(That was another \errmessage.)


! Package PGF Math Error: Unknown function `Ycm' (in 'Ycm+Heightcm').

See the PGF Math package documentation for explanation.
Type  H <return>  for immediate help.
 ...                                              
                                                  
l.1765 \end{frame}
                  
(That was another \errmessage.)


Overfull \hbox (0.99998pt too wide) in paragraph at lines 1765--1765
[][]  
 []


Overfull \hbox (6.37508pt too wide) has occurred while \output is active
[][][][] 
 []

[32

 <./images/PostRequest/Request13.png>]
File: images/PostRequest/Request13.png Graphic file (type png)
<use images/PostRequest/Request13.png>
Package pdftex.def Info: images/PostRequest/Request13.png  used on input line 1
765.
(pdftex.def)             Requested size: 571.69235pt x 369.85695pt.


! Package PGF Math Error: Unknown function `Xcm' (in 'Xcm').

See the PGF Math package documentation for explanation.
Type  H <return>  for immediate help.
 ...                                              
                                                  
l.1765 \end{frame}
                  
(That was another \errmessage.)


! Package PGF Math Error: Unknown function `Ycm' (in 'Ycm').

See the PGF Math package documentation for explanation.
Type  H <return>  for immediate help.
 ...                                              
                                                  
l.1765 \end{frame}
                  
(That was another \errmessage.)


! Package PGF Math Error: Unknown function `Xcm' (in 'Xcm').

See the PGF Math package documentation for explanation.
Type  H <return>  for immediate help.
 ...                                              
                                                  
l.1765 \end{frame}
                  
(That was another \errmessage.)


! Package PGF Math Error: Unknown function `Ycm' (in 'Ycm').

See the PGF Math package documentation for explanation.
Type  H <return>  for immediate help.
 ...                                              
                                                  
l.1765 \end{frame}
                  
(That was another \errmessage.)


! Package PGF Math Error: Unknown function `Xcm' (in 'Xcm+Widthcm').

See the PGF Math package documentation for explanation.
Type  H <return>  for immediate help.
 ...                                              
                                                  
l.1765 \end{frame}
                  
(That was another \errmessage.)


! Package PGF Math Error: Unknown function `Ycm' (in 'Ycm+Heightcm').

See the PGF Math package documentation for explanation.
Type  H <return>  for immediate help.
 ...                                              
                                                  
l.1765 \end{frame}
                  
(That was another \errmessage.)


! Package PGF Math Error: Unknown function `Xcm' (in 'Xcm+Widthcm').

See the PGF Math package documentation for explanation.
Type  H <return>  for immediate help.
 ...                                              
                                                  
l.1765 \end{frame}
                  
(That was another \errmessage.)


! Package PGF Math Error: Unknown function `Ycm' (in 'Ycm+Heightcm').

See the PGF Math package documentation for explanation.
Type  H <return>  for immediate help.
 ...                                              
                                                  
l.1765 \end{frame}
                  
(That was another \errmessage.)


Overfull \hbox (0.99998pt too wide) in paragraph at lines 1765--1765
[][]  
 []


Overfull \hbox (6.37508pt too wide) has occurred while \output is active
[][][][] 
 []

[33

]
Overfull \hbox (6.37508pt too wide) in paragraph at lines 1845--1845
[][][][]  
 []


LaTeX Warning: File `images/approval.png' not found on input line 1845.


! Package pdftex.def Error: File `images/approval.png' not found: using draft s
etting.

See the pdftex.def package documentation for explanation.
Type  H <return>  for immediate help.
 ...                                              
                                                  
l.1845 \end{frame}
                  
Try typing  <return>  to proceed.
If that doesn't work, type  X <return>  to quit.


Overfull \hbox (0.99998pt too wide) in paragraph at lines 1845--1845
[][]  
 []


Overfull \vbox (282.0719pt too high) detected at line 1845
 []


Overfull \hbox (6.37508pt too wide) has occurred while \output is active
[][][][] 
 []

[34

]

LaTeX Warning: File `images/approval.png' not found on input line 1845.


! Package pdftex.def Error: File `images/approval.png' not found: using draft s
etting.

See the pdftex.def package documentation for explanation.
Type  H <return>  for immediate help.
 ...                                              
                                                  
l.1845 \end{frame}
                  
Try typing  <return>  to proceed.
If that doesn't work, type  X <return>  to quit.


Overfull \hbox (0.99998pt too wide) in paragraph at lines 1845--1845
[][]  
 []


Overfull \vbox (282.0719pt too high) detected at line 1845
 []


Overfull \hbox (6.37508pt too wide) has occurred while \output is active
[][][][] 
 []

[35

]

LaTeX Warning: File `images/approval.png' not found on input line 1845.


! Package pdftex.def Error: File `images/approval.png' not found: using draft s
etting.

See the pdftex.def package documentation for explanation.
Type  H <return>  for immediate help.
 ...                                              
                                                  
l.1845 \end{frame}
                  
Try typing  <return>  to proceed.
If that doesn't work, type  X <return>  to quit.


Overfull \hbox (0.99998pt too wide) in paragraph at lines 1845--1845
[][]  
 []


Overfull \vbox (282.0719pt too high) detected at line 1845
 []


Overfull \hbox (6.37508pt too wide) has occurred while \output is active
[][][][] 
 []

[36

]

LaTeX Warning: File `images/approval.png' not found on input line 1845.


! Package pdftex.def Error: File `images/approval.png' not found: using draft s
etting.

See the pdftex.def package documentation for explanation.
Type  H <return>  for immediate help.
 ...                                              
                                                  
l.1845 \end{frame}
                  
Try typing  <return>  to proceed.
If that doesn't work, type  X <return>  to quit.


Overfull \hbox (0.99998pt too wide) in paragraph at lines 1845--1845
[][]  
 []


! LaTeX Error: There's no line here to end.

See the LaTeX manual or LaTeX Companion for explanation.
Type  H <return>  for immediate help.
 ...                                              
                                                  
l.1845 \end{frame}
                  
Your command was ignored.
Type  I <command> <return>  to replace it with another command,
or  <return>  to continue without it.


Overfull \hbox (0.99998pt too wide) in paragraph at lines 1845--1845
[][] 
 []


Overfull \vbox (282.0719pt too high) detected at line 1845
 []


Overfull \hbox (6.37508pt too wide) has occurred while \output is active
[][][][] 
 []

[37

]

LaTeX Warning: File `images/approval.png' not found on input line 1845.


! Package pdftex.def Error: File `images/approval.png' not found: using draft s
etting.

See the pdftex.def package documentation for explanation.
Type  H <return>  for immediate help.
 ...                                              
                                                  
l.1845 \end{frame}
                  
Try typing  <return>  to proceed.
If that doesn't work, type  X <return>  to quit.


Overfull \hbox (0.99998pt too wide) in paragraph at lines 1845--1845
[][]  
 []


Overfull \vbox (282.0719pt too high) detected at line 1845
 []


Overfull \hbox (6.37508pt too wide) has occurred while \output is active
[][][][] 
 []

[38

]
Overfull \hbox (6.37508pt too wide) in paragraph at lines 1918--1918
[][][][]  
 []


LaTeX Warning: File `images/goods-receipt.png' not found on input line 1918.


! Package pdftex.def Error: File `images/goods-receipt.png' not found: using dr
aft setting.

See the pdftex.def package documentation for explanation.
Type  H <return>  for immediate help.
 ...                                              
                                                  
l.1918 \end{frame}
                  
Try typing  <return>  to proceed.
If that doesn't work, type  X <return>  to quit.


Overfull \hbox (0.99998pt too wide) in paragraph at lines 1918--1918
[][]  
 []


Overfull \vbox (282.0719pt too high) detected at line 1918
 []


Overfull \hbox (6.37508pt too wide) has occurred while \output is active
[][][][] 
 []

[39

]

LaTeX Warning: File `images/goods-receipt.png' not found on input line 1918.


! Package pdftex.def Error: File `images/goods-receipt.png' not found: using dr
aft setting.

See the pdftex.def package documentation for explanation.
Type  H <return>  for immediate help.
 ...                                              
                                                  
l.1918 \end{frame}
                  
Try typing  <return>  to proceed.
If that doesn't work, type  X <return>  to quit.


Overfull \hbox (0.99998pt too wide) in paragraph at lines 1918--1918
[][]  
 []


Overfull \vbox (282.0719pt too high) detected at line 1918
 []


Overfull \hbox (6.37508pt too wide) has occurred while \output is active
[][][][] 
 []

[40

]

LaTeX Warning: File `images/goods-receipt.png' not found on input line 1918.


! Package pdftex.def Error: File `images/goods-receipt.png' not found: using dr
aft setting.

See the pdftex.def package documentation for explanation.
Type  H <return>  for immediate help.
 ...                                              
                                                  
l.1918 \end{frame}
                  
Try typing  <return>  to proceed.
If that doesn't work, type  X <return>  to quit.


Overfull \hbox (0.99998pt too wide) in paragraph at lines 1918--1918
[][]  
 []


Overfull \vbox (282.0719pt too high) detected at line 1918
 []


Overfull \hbox (6.37508pt too wide) has occurred while \output is active
[][][][] 
 []

[41

]

LaTeX Warning: File `images/goods-receipt.png' not found on input line 1918.


! Package pdftex.def Error: File `images/goods-receipt.png' not found: using dr
aft setting.

See the pdftex.def package documentation for explanation.
Type  H <return>  for immediate help.
 ...                                              
                                                  
l.1918 \end{frame}
                  
Try typing  <return>  to proceed.
If that doesn't work, type  X <return>  to quit.


Overfull \hbox (0.99998pt too wide) in paragraph at lines 1918--1918
[][]  
 []


Overfull \vbox (282.0719pt too high) detected at line 1918
 []


Overfull \hbox (6.37508pt too wide) has occurred while \output is active
[][][][] 
 []

[42

]

LaTeX Warning: File `images/goods-receipt.png' not found on input line 1918.


! Package pdftex.def Error: File `images/goods-receipt.png' not found: using dr
aft setting.

See the pdftex.def package documentation for explanation.
Type  H <return>  for immediate help.
 ...                                              
                                                  
l.1918 \end{frame}
                  
Try typing  <return>  to proceed.
If that doesn't work, type  X <return>  to quit.


Overfull \hbox (0.99998pt too wide) in paragraph at lines 1918--1918
[][]  
 []


Overfull \vbox (282.0719pt too high) detected at line 1918
 []


Overfull \hbox (6.37508pt too wide) has occurred while \output is active
[][][][] 
 []

[43

]
Overfull \hbox (6.37508pt too wide) in paragraph at lines 1997--1997
[][][][]  
 []


LaTeX Warning: File `images/goods-issue.png' not found on input line 1997.


! Package pdftex.def Error: File `images/goods-issue.png' not found: using draf
t setting.

See the pdftex.def package documentation for explanation.
Type  H <return>  for immediate help.
 ...                                              
                                                  
l.1997 \end{frame}
                  
Try typing  <return>  to proceed.
If that doesn't work, type  X <return>  to quit.


Overfull \hbox (0.99998pt too wide) in paragraph at lines 1997--1997
[][]  
 []


! LaTeX Error: There's no line here to end.

See the LaTeX manual or LaTeX Companion for explanation.
Type  H <return>  for immediate help.
 ...                                              
                                                  
l.1997 \end{frame}
                  
Your command was ignored.
Type  I <command> <return>  to replace it with another command,
or  <return>  to continue without it.


Overfull \hbox (0.99998pt too wide) in paragraph at lines 1997--1997
[][] 
 []


Overfull \vbox (282.0719pt too high) detected at line 1997
 []


Overfull \hbox (6.37508pt too wide) has occurred while \output is active
[][][][] 
 []

[44

]

LaTeX Warning: File `images/goods-issue.png' not found on input line 1997.


! Package pdftex.def Error: File `images/goods-issue.png' not found: using draf
t setting.

See the pdftex.def package documentation for explanation.
Type  H <return>  for immediate help.
 ...                                              
                                                  
l.1997 \end{frame}
                  
Try typing  <return>  to proceed.
If that doesn't work, type  X <return>  to quit.


Overfull \hbox (0.99998pt too wide) in paragraph at lines 1997--1997
[][]  
 []


! LaTeX Error: There's no line here to end.

See the LaTeX manual or LaTeX Companion for explanation.
Type  H <return>  for immediate help.
 ...                                              
                                                  
l.1997 \end{frame}
                  
Your command was ignored.
Type  I <command> <return>  to replace it with another command,
or  <return>  to continue without it.


Overfull \hbox (0.99998pt too wide) in paragraph at lines 1997--1997
[][] 
 []


Overfull \vbox (282.0719pt too high) detected at line 1997
 []


Overfull \hbox (6.37508pt too wide) has occurred while \output is active
[][][][] 
 []

[45

]

LaTeX Warning: File `images/goods-issue.png' not found on input line 1997.


! Package pdftex.def Error: File `images/goods-issue.png' not found: using draf
t setting.

See the pdftex.def package documentation for explanation.
Type  H <return>  for immediate help.
 ...                                              
                                                  
l.1997 \end{frame}
                  
Try typing  <return>  to proceed.
If that doesn't work, type  X <return>  to quit.


Overfull \hbox (0.99998pt too wide) in paragraph at lines 1997--1997
[][]  
 []


! LaTeX Error: There's no line here to end.

See the LaTeX manual or LaTeX Companion for explanation.
Type  H <return>  for immediate help.
 ...                                              
                                                  
l.1997 \end{frame}
                  
Your command was ignored.
Type  I <command> <return>  to replace it with another command,
or  <return>  to continue without it.


Overfull \hbox (0.99998pt too wide) in paragraph at lines 1997--1997
[][] 
 []


Overfull \vbox (282.0719pt too high) detected at line 1997
 []


Overfull \hbox (6.37508pt too wide) has occurred while \output is active
[][][][] 
 []

[46

]

LaTeX Warning: File `images/goods-issue.png' not found on input line 1997.


! Package pdftex.def Error: File `images/goods-issue.png' not found: using draf
t setting.

See the pdftex.def package documentation for explanation.
Type  H <return>  for immediate help.
 ...                                              
                                                  
l.1997 \end{frame}
                  
Try typing  <return>  to proceed.
If that doesn't work, type  X <return>  to quit.


Overfull \hbox (0.99998pt too wide) in paragraph at lines 1997--1997
[][]  
 []


! LaTeX Error: There's no line here to end.

See the LaTeX manual or LaTeX Companion for explanation.
Type  H <return>  for immediate help.
 ...                                              
                                                  
l.1997 \end{frame}
                  
Your command was ignored.
Type  I <command> <return>  to replace it with another command,
or  <return>  to continue without it.


Overfull \hbox (0.99998pt too wide) in paragraph at lines 1997--1997
[][] 
 []


Overfull \vbox (282.0719pt too high) detected at line 1997
 []


Overfull \hbox (6.37508pt too wide) has occurred while \output is active
[][][][] 
 []

[47

]

LaTeX Warning: File `images/goods-issue.png' not found on input line 1997.


! Package pdftex.def Error: File `images/goods-issue.png' not found: using draf
t setting.

See the pdftex.def package documentation for explanation.
Type  H <return>  for immediate help.
 ...                                              
                                                  
l.1997 \end{frame}
                  
Try typing  <return>  to proceed.
If that doesn't work, type  X <return>  to quit.


Overfull \hbox (0.99998pt too wide) in paragraph at lines 1997--1997
[][]  
 []


! LaTeX Error: There's no line here to end.

See the LaTeX manual or LaTeX Companion for explanation.
Type  H <return>  for immediate help.
 ...                                              
                                                  
l.1997 \end{frame}
                  
Your command was ignored.
Type  I <command> <return>  to replace it with another command,
or  <return>  to continue without it.


Overfull \hbox (0.99998pt too wide) in paragraph at lines 1997--1997
[][] 
 []


Overfull \vbox (282.0719pt too high) detected at line 1997
 []


Overfull \hbox (6.37508pt too wide) has occurred while \output is active
[][][][] 
 []

[48

]
Overfull \hbox (6.37508pt too wide) in paragraph at lines 2080--2080
[][][][]  
 []


LaTeX Warning: File `images/current-stock.png' not found on input line 2080.


! Package pdftex.def Error: File `images/current-stock.png' not found: using dr
aft setting.

See the pdftex.def package documentation for explanation.
Type  H <return>  for immediate help.
 ...                                              
                                                  
l.2080 \end{frame}
                  
Try typing  <return>  to proceed.
If that doesn't work, type  X <return>  to quit.


Overfull \hbox (0.99998pt too wide) in paragraph at lines 2080--2080
[][]  
 []


LaTeX Font Warning: Font shape `OT1/cmss/m/n' in size <19> not available
(Font)              size <17.28> substituted on input line 2080.


LaTeX Font Warning: Font shape `OT1/cmss/bx/n' in size <19> not available
(Font)              size <17.28> substituted on input line 2080.


LaTeX Font Warning: Font shape `OT1/cmss/bx/n' in size <15.5> not available
(Font)              size <14.4> substituted on input line 2080.


Overfull \vbox (282.0719pt too high) detected at line 2080
 []


Overfull \hbox (6.37508pt too wide) has occurred while \output is active
[][][][] 
 []

[49

]

LaTeX Warning: File `images/current-stock.png' not found on input line 2080.


! Package pdftex.def Error: File `images/current-stock.png' not found: using dr
aft setting.

See the pdftex.def package documentation for explanation.
Type  H <return>  for immediate help.
 ...                                              
                                                  
l.2080 \end{frame}
                  
Try typing  <return>  to proceed.
If that doesn't work, type  X <return>  to quit.


Overfull \hbox (0.99998pt too wide) in paragraph at lines 2080--2080
[][]  
 []


Overfull \vbox (282.0719pt too high) detected at line 2080
 []


Overfull \hbox (6.37508pt too wide) has occurred while \output is active
[][][][] 
 []

[50

]

LaTeX Warning: File `images/current-stock.png' not found on input line 2080.


! Package pdftex.def Error: File `images/current-stock.png' not found: using dr
aft setting.

See the pdftex.def package documentation for explanation.
Type  H <return>  for immediate help.
 ...                                              
                                                  
l.2080 \end{frame}
                  
Try typing  <return>  to proceed.
If that doesn't work, type  X <return>  to quit.


Overfull \hbox (0.99998pt too wide) in paragraph at lines 2080--2080
[][]  
 []


Overfull \vbox (282.0719pt too high) detected at line 2080
 []


Overfull \hbox (6.37508pt too wide) has occurred while \output is active
[][][][] 
 []

[51

]
Overfull \hbox (6.37508pt too wide) in paragraph at lines 2153--2153
[][][][]  
 []


LaTeX Warning: File `images/report.png' not found on input line 2153.


! Package pdftex.def Error: File `images/report.png' not found: using draft set
ting.

See the pdftex.def package documentation for explanation.
Type  H <return>  for immediate help.
 ...                                              
                                                  
l.2153 \end{frame}
                  
Try typing  <return>  to proceed.
If that doesn't work, type  X <return>  to quit.


Overfull \hbox (0.99998pt too wide) in paragraph at lines 2153--2153
[][]  
 []


Overfull \vbox (282.0719pt too high) detected at line 2153
 []


Overfull \hbox (6.37508pt too wide) has occurred while \output is active
[][][][] 
 []

[52

]

LaTeX Warning: File `images/report.png' not found on input line 2153.


! Package pdftex.def Error: File `images/report.png' not found: using draft set
ting.

See the pdftex.def package documentation for explanation.
Type  H <return>  for immediate help.
 ...                                              
                                                  
l.2153 \end{frame}
                  
Try typing  <return>  to proceed.
If that doesn't work, type  X <return>  to quit.


Overfull \hbox (0.99998pt too wide) in paragraph at lines 2153--2153
[][]  
 []


Overfull \vbox (282.0719pt too high) detected at line 2153
 []


Overfull \hbox (6.37508pt too wide) has occurred while \output is active
[][][][] 
 []

[53

]

LaTeX Warning: File `images/report.png' not found on input line 2153.


! Package pdftex.def Error: File `images/report.png' not found: using draft set
ting.

See the pdftex.def package documentation for explanation.
Type  H <return>  for immediate help.
 ...                                              
                                                  
l.2153 \end{frame}
                  
Try typing  <return>  to proceed.
If that doesn't work, type  X <return>  to quit.


Overfull \hbox (0.99998pt too wide) in paragraph at lines 2153--2153
[][]  
 []


Overfull \vbox (282.0719pt too high) detected at line 2153
 []


Overfull \hbox (6.37508pt too wide) has occurred while \output is active
[][][][] 
 []

[54

]

LaTeX Warning: File `images/report.png' not found on input line 2153.


! Package pdftex.def Error: File `images/report.png' not found: using draft set
ting.

See the pdftex.def package documentation for explanation.
Type  H <return>  for immediate help.
 ...                                              
                                                  
l.2153 \end{frame}
                  
Try typing  <return>  to proceed.
If that doesn't work, type  X <return>  to quit.


Overfull \hbox (0.99998pt too wide) in paragraph at lines 2153--2153
[][]  
 []


Overfull \vbox (282.0719pt too high) detected at line 2153
 []


Overfull \hbox (6.37508pt too wide) has occurred while \output is active
[][][][] 
 []

[55

]

LaTeX Warning: File `images/report.png' not found on input line 2153.


! Package pdftex.def Error: File `images/report.png' not found: using draft set
ting.

See the pdftex.def package documentation for explanation.
Type  H <return>  for immediate help.
 ...                                              
                                                  
l.2153 \end{frame}
                  
Try typing  <return>  to proceed.
If that doesn't work, type  X <return>  to quit.


Overfull \hbox (0.99998pt too wide) in paragraph at lines 2153--2153
[][]  
 []


Overfull \vbox (282.0719pt too high) detected at line 2153
 []


Overfull \hbox (6.37508pt too wide) has occurred while \output is active
[][][][] 
 []

[56

]
Overfull \hbox (6.37508pt too wide) in paragraph at lines 2220--2220
[][][][]  
 []


LaTeX Warning: File `images/discussion.png' not found on input line 2220.


! Package pdftex.def Error: File `images/discussion.png' not found: using draft
 setting.

See the pdftex.def package documentation for explanation.
Type  H <return>  for immediate help.
 ...                                              
                                                  
l.2220 \end{frame}
                  
Try typing  <return>  to proceed.
If that doesn't work, type  X <return>  to quit.


Overfull \hbox (0.99998pt too wide) in paragraph at lines 2220--2220
[][]  
 []


Overfull \vbox (282.0719pt too high) detected at line 2220
 []


Overfull \hbox (6.37508pt too wide) has occurred while \output is active
[][][][] 
 []

[57

]

LaTeX Warning: File `images/discussion.png' not found on input line 2220.


! Package pdftex.def Error: File `images/discussion.png' not found: using draft
 setting.

See the pdftex.def package documentation for explanation.
Type  H <return>  for immediate help.
 ...                                              
                                                  
l.2220 \end{frame}
                  
Try typing  <return>  to proceed.
If that doesn't work, type  X <return>  to quit.


Overfull \hbox (0.99998pt too wide) in paragraph at lines 2220--2220
[][]  
 []


Overfull \vbox (282.0719pt too high) detected at line 2220
 []


Overfull \hbox (6.37508pt too wide) has occurred while \output is active
[][][][] 
 []

[58

]

LaTeX Warning: File `images/discussion.png' not found on input line 2220.


! Package pdftex.def Error: File `images/discussion.png' not found: using draft
 setting.

See the pdftex.def package documentation for explanation.
Type  H <return>  for immediate help.
 ...                                              
                                                  
l.2220 \end{frame}
                  
Try typing  <return>  to proceed.
If that doesn't work, type  X <return>  to quit.


Overfull \hbox (0.99998pt too wide) in paragraph at lines 2220--2220
[][]  
 []


Overfull \vbox (282.0719pt too high) detected at line 2220
 []


Overfull \hbox (6.37508pt too wide) has occurred while \output is active
[][][][] 
 []

[59

]

LaTeX Warning: File `images/discussion.png' not found on input line 2220.


! Package pdftex.def Error: File `images/discussion.png' not found: using draft
 setting.

See the pdftex.def package documentation for explanation.
Type  H <return>  for immediate help.
 ...                                              
                                                  
l.2220 \end{frame}
                  
Try typing  <return>  to proceed.
If that doesn't work, type  X <return>  to quit.


Overfull \hbox (0.99998pt too wide) in paragraph at lines 2220--2220
[][]  
 []


Overfull \vbox (282.0719pt too high) detected at line 2220
 []


Overfull \hbox (6.37508pt too wide) has occurred while \output is active
[][][][] 
 []

[60

]
Overfull \hbox (6.37508pt too wide) in paragraph at lines 2276--2276
[][][][]  
 []

LaTeX Font Info:    Calculating math sizes for size <15.5> on input line 2276.

LaTeX Font Warning: Font shape `OML/cmm/m/it' in size <15.5> not available
(Font)              size <14.4> substituted on input line 2276.


LaTeX Font Warning: Font shape `OMS/cmsy/m/n' in size <15.5> not available
(Font)              size <14.4> substituted on input line 2276.


Overfull \hbox (6.37508pt too wide) has occurred while \output is active
[][][][] 
 []

[61

]
Overfull \hbox (6.37508pt too wide) in paragraph at lines 2326--2326
[][][][]  
 []


LaTeX Font Warning: Font shape `OT1/cmss/bx/n' in size <18> not available
(Font)              size <17.28> substituted on input line 2326.


Overfull \hbox (6.37508pt too wide) has occurred while \output is active
[][][][] 
 []

[62

]

LaTeX Font Warning: Font shape `OT1/cmss/m/n' in size <38> not available
(Font)              size <35.83> substituted on input line 2392.


LaTeX Font Warning: Font shape `OT1/cmss/bx/n' in size <38> not available
(Font)              size <35.83> substituted on input line 2392.


LaTeX Font Warning: Font shape `OT1/cmss/m/n' in size <22> not available
(Font)              size <20.74> substituted on input line 2392.


! LaTeX Error: There's no line here to end.

See the LaTeX manual or LaTeX Companion for explanation.
Type  H <return>  for immediate help.
 ...                                              
                                                  
l.2392 \end{frame}
                  
Your command was ignored.
Type  I <command> <return>  to replace it with another command,
or  <return>  to continue without it.

[63

]
\tf@nav=\write6
\openout6 = `"main_untuk Admin.nav"'.

\tf@toc=\write7
\openout7 = `"main_untuk Admin.toc"'.

\tf@snm=\write8
\openout8 = `"main_untuk Admin.snm"'.

 (main_untuk Admin.aux)
 ***********
LaTeX2e <2025-11-01>
L3 programming layer <2025-12-24>
 ***********


LaTeX Font Warning: Size substitutions with differences
(Font)              up to 2.17pt have occurred.


LaTeX Font Warning: Some font shapes were not available, defaults substituted.

Package rerunfilecheck Info: File `"main_untuk Admin".out' has not changed.
(rerunfilecheck)             Checksum: D41D8CD98F00B204E9800998ECF8427E;0.
 ) 
Here is how much of TeX's memory you used:
 25658 strings out of 467870
 513316 string characters out of 5419323
 887980 words of memory out of 5000000
 53905 multiletter control sequences out of 15000+600000
 654837 words of font info for 139 fonts, out of 8000000 for 9000
 1141 hyphenation exceptions out of 8191
 128i,14n,123p,395b,1043s stack positions out of 10000i,1000n,20000p,200000b,200000s
<C:/Users/TJI/AppData/Local/Programs/MiKTeX/fonts/type1/public/amsfonts/cm/cm
mi12.pfb><C:/Users/TJI/AppData/Local/Programs/MiKTeX/fonts/type1/public/amsfont
s/cm/cmss10.pfb><C:/Users/TJI/AppData/Local/Programs/MiKTeX/fonts/type1/public/
amsfonts/cm/cmss12.pfb><C:/Users/TJI/AppData/Local/Programs/MiKTeX/fonts/type1/
public/amsfonts/cm/cmss17.pfb><C:/Users/TJI/AppData/Local/Programs/MiKTeX/fonts
/type1/public/amsfonts/cm/cmssbx10.pfb><C:/Users/TJI/AppData/Local/Programs/MiK
TeX/fonts/type1/public/amsfonts/cm/cmssi12.pfb><C:/Users/TJI/AppData/Local/Prog
rams/MiKTeX/fonts/type1/public/amsfonts/cm/cmssi17.pfb><C:/Users/TJI/AppData/Lo
cal/Programs/MiKTeX/fonts/type1/public/amsfonts/cm/cmsy10.pfb><C:/Users/TJI/App
Data/Local/Programs/MiKTeX/fonts/type1/public/amsfonts/cm/cmtt12.pfb><C:/Users/
TJI/AppData/Local/Programs/MiKTeX/fonts/type1/public/amsfonts/symbols/msam10.pf
b>
Output written on "main_untuk Admin.pdf" (63 pages, 2020311 bytes).
PDF statistics:
 465 PDF objects out of 1000 (max. 8388607)
 127 named destinations out of 1000 (max. 500000)
 153 words of extra memory for PDF output out of 10000 (max. 10000000)

